,disease,inform_slots
1,Cat scratch disease,"['groin mass', 'fever', 'skin swelling', 'swollen eye','arm lump or mass', 'skin lesion']"
3,Cat scratch disease,"['arm lump or mass', 'groin mass', 'arm swelling', 'loss of sensation', 'neck swelling','skin swelling', 'fever']"
4,Cat scratch disease,"['skin rash', 'arm lump or mass', 'arm swelling', 'groin mass','fever', 'neck swelling']"
5,Cat scratch disease,"['fever', 'neck swelling', 'loss of sensation', 'arm lump or mass', 'swollen eye', 'skin rash','arm swelling', 'groin mass']"
6,Cat scratch disease,"['skin lesion', 'groin mass', 'skin rash', 'fever', 'neck swelling', 'arm swelling','skin swelling', 'loss of sensation']"
7,Cat scratch disease,"['neck swelling', 'loss of sensation', 'arm lump or mass', 'skin lesion', 'arm swelling', 'fever','groin mass', 'swollen eye']"
8,Cat scratch disease,"['swollen eye', 'neck swelling', 'skin swelling', 'headache', 'itchy eyelid', 'arm lump or mass','loss of sensation', 'arm swelling']"
9,Cat scratch disease,"['neck swelling', 'headache', 'arm swelling', 'arm lump or mass', 'groin mass','itchy eyelid', 'swollen eye']"
11,Cat scratch disease,"['arm lump or mass', 'itchy eyelid', 'swollen eye', 'headache','loss of sensation', 'neck swelling']"
12,Cat scratch disease,"['swollen eye', 'arm swelling', 'skin lesion', 'loss of sensation', 'skin rash','neck swelling', 'skin swelling']"
14,Cat scratch disease,"['skin swelling', 'loss of sensation', 'arm lump or mass', 'neck swelling', 'skin lesion', 'skin rash','headache', 'arm swelling']"
16,Dengue fever,"['fever', 'knee lump or mass', 'sore throat', 'facial pain','pain in eye', 'joint stiffness or tightness']"
17,Dengue fever,"['pain in eye', 'fever', 'joint stiffness or tightness', 'wrist pain', 'shoulder cramps or spasms','sore throat', 'knee lump or mass']"
18,Dengue fever,"['wrist pain', 'pain in eye', 'ankle pain', 'fever','knee lump or mass', 'sore throat']"
19,Dengue fever,"['facial pain', 'sore throat', 'ankle pain', 'pain in eye', 'knee lump or mass', 'wrist pain','pain during pregnancy', 'fever']"
20,Dengue fever,"['ankle pain', 'joint stiffness or tightness', 'pain during pregnancy', 'excessive anger', 'sore throat', 'wrist pain','fever', 'shoulder cramps or spasms']"
21,Dengue fever,"['sore throat', 'ankle pain', 'facial pain', 'pain during pregnancy', 'excessive anger', 'pain or soreness of breast','fever', 'knee lump or mass']"
22,Dengue fever,"['knee lump or mass', 'sore throat', 'fever', 'excessive anger', 'facial pain', 'pain in eye','shoulder cramps or spasms', 'pain during pregnancy']"
23,Dengue fever,"['sore throat', 'excessive anger', 'pain during pregnancy', 'pain in eye', 'fever','facial pain', 'knee lump or mass']"
25,Dengue fever,"['pain in eye', 'facial pain', 'knee lump or mass', 'excessive anger','shoulder cramps or spasms', 'sore throat']"
26,Dengue fever,"['facial pain', 'wrist pain', 'joint stiffness or tightness', 'pain during pregnancy', 'ankle pain','sore throat', 'fever']"
27,Dengue fever,"['sore throat', 'wrist pain', 'pain in eye', 'fever', 'joint stiffness or tightness', 'pain during pregnancy','ankle pain', 'excessive anger']"
28,Gas gangrene,"['excessive anger', 'knee lump or mass', 'sharp abdominal pain', 'pain in eye','fatigue', 'joint stiffness or tightness']"
29,Gas gangrene,"['fatigue', 'shoulder cramps or spasms', 'facial pain', 'wrist pain', 'excessive anger','sharp abdominal pain', 'knee lump or mass']"
30,Gas gangrene,"['excessive anger', 'fatigue', 'wrist pain', 'ankle pain','knee lump or mass', 'sharp abdominal pain']"
31,Gas gangrene,"['pain in eye', 'sharp abdominal pain', 'wrist pain', 'fatigue', 'knee lump or mass', 'pain during pregnancy','facial pain', 'excessive anger']"
32,Gas gangrene,"['wrist pain', 'shoulder cramps or spasms', 'facial pain', 'pain or soreness of breast', 'sharp abdominal pain', 'pain during pregnancy','excessive anger', 'ankle pain']"
33,Gas gangrene,"['sharp abdominal pain', 'wrist pain', 'pain in eye', 'pain during pregnancy', 'joint stiffness or tightness', 'pain or soreness of breast','excessive anger', 'knee lump or mass']"
34,Gas gangrene,"['pain in eye', 'sharp abdominal pain', 'excessive anger', 'pain or soreness of breast', 'knee lump or mass', 'fatigue','ankle pain', 'pain during pregnancy']"
35,Gas gangrene,"['sharp abdominal pain', 'pain or soreness of breast', 'pain during pregnancy', 'fatigue', 'excessive anger','knee lump or mass', 'pain in eye']"
37,Gas gangrene,"['fatigue', 'knee lump or mass', 'pain in eye', 'pain or soreness of breast','ankle pain', 'sharp abdominal pain']"
38,Gas gangrene,"['pain in eye', 'pain during pregnancy', 'facial pain', 'wrist pain', 'ankle pain','sharp abdominal pain', 'shoulder cramps or spasms']"
40,Gas gangrene,"['sharp abdominal pain', 'pain during pregnancy', 'fatigue', 'shoulder cramps or spasms', 'joint stiffness or tightness', 'wrist pain','ankle pain', 'facial pain']"
41,Chickenpox,"['fever', 'pain in testicles', 'skin rash', 'irritable infant','eye redness', 'cough']"
42,Chickenpox,"['irritable infant', 'fever', 'cough', 'itching of skin', 'abnormal appearing skin','skin rash', 'pain in testicles']"
43,Chickenpox,"['fever', 'irritable infant', 'abnormal appearing skin', 'itching of skin','skin swelling', 'skin rash']"
44,Chickenpox,"['problems during pregnancy', 'skin rash', 'itching of skin', 'irritable infant', 'skin swelling', 'abnormal appearing skin','ache all over', 'fever']"
45,Chickenpox,"['fever', 'skin swelling', 'cough', 'skin lesion', 'skin rash', 'itching of skin','ache all over', 'abnormal appearing skin']"
46,Chickenpox,"['skin rash', 'abnormal appearing skin', 'problems during pregnancy', 'itching of skin', 'skin swelling', 'skin lesion','fever', 'pain in testicles']"
47,Chickenpox,"['pain in testicles', 'skin rash', 'fever', 'skin lesion', 'irritable infant', 'eye redness','abnormal appearing skin', 'cough']"
49,Chickenpox,"['skin rash', 'cough', 'ache all over', 'eye redness', 'fever','irritable infant', 'skin swelling']"
50,Chickenpox,"['eye redness', 'irritable infant', 'pain in testicles', 'skin lesion','abnormal appearing skin', 'skin rash']"
51,Chickenpox,"['problems during pregnancy', 'itching of skin', 'skin lesion', 'cough', 'abnormal appearing skin','skin rash', 'fever']"
52,Chickenpox,"['skin rash', 'itching of skin', 'irritable infant', 'fever', 'cough', 'ache all over','abnormal appearing skin', 'skin lesion']"
53,Granuloma inguinale,"['sharp chest pain', 'excessive growth', 'nausea', 'shoulder swelling','neck cramps or spasms', 'vaginal pain']"
54,Granuloma inguinale,"['neck cramps or spasms', 'sharp chest pain', 'vaginal pain', 'groin pain', 'vulvar sore','nausea', 'excessive growth']"
55,Granuloma inguinale,"['vaginal pain', 'shoulder swelling', 'groin pain', 'sharp chest pain','excessive growth', 'nausea']"
56,Granuloma inguinale,"['wrist weakness', 'nausea', 'groin pain', 'shoulder swelling', 'nailbiting', 'sharp chest pain','vaginal pain', 'loss of sex drive']"
57,Granuloma inguinale,"['sharp chest pain', 'vulvar sore', 'loss of sex drive', 'nailbiting', 'nausea', 'vaginal pain','knee lump or mass', 'groin pain']"
58,Granuloma inguinale,"['vulvar sore', 'groin pain', 'shoulder swelling', 'sharp chest pain', 'excessive growth', 'vaginal pain','nausea', 'neck cramps or spasms']"
59,Granuloma inguinale,"['excessive growth', 'nausea', 'sharp chest pain', 'vulvar sore', 'shoulder swelling', 'neck cramps or spasms','groin pain', 'vaginal pain']"
60,Granuloma inguinale,"['nausea', 'vaginal pain', 'groin pain', 'neck cramps or spasms', 'sharp chest pain','shoulder swelling', 'knee lump or mass']"
61,Granuloma inguinale,"['neck cramps or spasms', 'shoulder swelling', 'excessive growth', 'vulvar sore','groin pain', 'nausea']"
62,Granuloma inguinale,"['shoulder swelling', 'groin pain', 'knee lump or mass', 'loss of sex drive', 'vaginal pain','nausea', 'sharp chest pain']"
64,Granuloma inguinale,"['nausea', 'groin pain', 'neck cramps or spasms', 'sharp chest pain', 'vaginal pain', 'knee lump or mass','loss of sex drive', 'nailbiting']"
65,Chagas disease,"['facial pain', 'knee lump or mass', 'shoulder cramps or spasms', 'fatigue','excessive urination at night', 'joint stiffness or tightness']"
66,Chagas disease,"['excessive urination at night', 'facial pain', 'excessive anger', 'wrist pain', 'pain in eye','shoulder cramps or spasms', 'knee lump or mass']"
67,Chagas disease,"['facial pain', 'excessive urination at night', 'pain during pregnancy', 'ankle pain','knee lump or mass', 'pain in eye']"
68,Chagas disease,"['fatigue', 'pain in eye', 'pain during pregnancy', 'excessive urination at night', 'knee lump or mass', 'wrist pain','excessive anger', 'facial pain']"
69,Chagas disease,"['pain during pregnancy', 'shoulder cramps or spasms', 'joint stiffness or tightness', 'knee lump or mass', 'pain in eye', 'excessive anger','facial pain', 'wrist pain']"
70,Chagas disease,"['pain in eye', 'pain during pregnancy', 'excessive urination at night', 'excessive anger', 'joint stiffness or tightness', 'knee lump or mass','ankle pain', 'fatigue']"
71,Chagas disease,"['fatigue', 'pain in eye', 'facial pain', 'pain or soreness of breast', 'knee lump or mass', 'excessive urination at night','wrist pain', 'pain during pregnancy']"
72,Chagas disease,"['pain in eye', 'pain or soreness of breast', 'pain during pregnancy', 'excessive urination at night', 'facial pain','knee lump or mass', 'fatigue']"
73,Chagas disease,"['excessive urination at night', 'knee lump or mass', 'fatigue', 'pain or soreness of breast','wrist pain', 'pain in eye']"
74,Chagas disease,"['fatigue', 'excessive anger', 'pain during pregnancy', 'wrist pain', 'ankle pain','shoulder cramps or spasms', 'pain in eye']"
75,Chagas disease,"['shoulder cramps or spasms', 'pain during pregnancy', 'excessive urination at night', 'pain in eye', 'joint stiffness or tightness', 'wrist pain','ankle pain', 'excessive anger']"
77,Chancroid,"['facial pain', 'knee lump or mass', 'shoulder cramps or spasms', 'fatigue','excessive urination at night', 'joint stiffness or tightness']"
78,Chancroid,"['excessive urination at night', 'facial pain', 'excessive anger', 'wrist pain', 'pain in eye','shoulder cramps or spasms', 'knee lump or mass']"
81,Chancroid,"['facial pain', 'excessive urination at night', 'pain during pregnancy', 'ankle pain','knee lump or mass', 'pain in eye']"
82,Chancroid,"['fatigue', 'pain in eye', 'pain during pregnancy', 'excessive urination at night', 'knee lump or mass', 'wrist pain','excessive anger', 'facial pain']"
83,Chancroid,"['pain during pregnancy', 'shoulder cramps or spasms', 'joint stiffness or tightness', 'knee lump or mass', 'pain in eye', 'excessive anger','facial pain', 'wrist pain']"
84,Chancroid,"['pain in eye', 'pain during pregnancy', 'excessive urination at night', 'excessive anger', 'joint stiffness or tightness', 'knee lump or mass','ankle pain', 'fatigue']"
85,Chancroid,"['fatigue', 'pain in eye', 'facial pain', 'pain or soreness of breast', 'knee lump or mass', 'excessive urination at night','wrist pain', 'pain during pregnancy']"
86,Chancroid,"['pain in eye', 'pain or soreness of breast', 'pain during pregnancy', 'excessive urination at night', 'facial pain','knee lump or mass', 'fatigue']"
87,Chancroid,"['excessive urination at night', 'knee lump or mass', 'fatigue', 'pain or soreness of breast','wrist pain', 'pain in eye']"
88,Chancroid,"['fatigue', 'excessive anger', 'pain during pregnancy', 'wrist pain', 'ankle pain','shoulder cramps or spasms', 'pain in eye']"
89,Chancroid,"['shoulder cramps or spasms', 'pain during pregnancy', 'excessive urination at night', 'pain in eye', 'joint stiffness or tightness', 'wrist pain','ankle pain', 'excessive anger']"
90,Chlamydia,"['vaginal discharge', 'lower abdominal pain', 'penile discharge', 'groin pain','penis pain', 'vaginal pain']"
91,Chlamydia,"['penis pain', 'vaginal discharge', 'vaginal itching', 'painful urination', 'sharp abdominal pain','penile discharge', 'lower abdominal pain']"
92,Chlamydia,"['vaginal discharge', 'groin pain', 'painful urination', 'sharp abdominal pain','lower abdominal pain', 'penile discharge']"
93,Chlamydia,"['pelvic pain', 'penile discharge', 'painful urination', 'groin pain', 'lower abdominal pain', 'sharp abdominal pain','vaginal pain', 'vaginal discharge']"
95,Chlamydia,"['vaginal pain', 'itching of skin', 'vaginal itching', 'frequent urination', 'penile discharge', 'painful urination','vaginal discharge', 'sharp abdominal pain']"
96,Chlamydia,"['penile discharge', 'painful urination', 'groin pain', 'vaginal pain', 'frequent urination', 'itching of skin','vaginal discharge', 'pelvic pain']"
97,Chlamydia,"['lower abdominal pain', 'penile discharge', 'vaginal discharge', 'itching of skin', 'groin pain', 'penis pain','sharp abdominal pain', 'vaginal pain']"
98,Chlamydia,"['penile discharge', 'vaginal itching', 'vaginal pain', 'penis pain', 'vaginal discharge','groin pain', 'lower abdominal pain']"
100,Chlamydia,"['penis pain', 'groin pain', 'lower abdominal pain', 'itching of skin','sharp abdominal pain', 'penile discharge']"
101,Chlamydia,"['pelvic pain', 'painful urination', 'vaginal pain', 'vaginal itching', 'sharp abdominal pain','penile discharge', 'vaginal discharge']"
102,Chlamydia,"['penile discharge', 'painful urination', 'penis pain', 'vaginal discharge', 'vaginal pain', 'sharp abdominal pain','frequent urination', 'itching of skin']"
103,Acariasis,"['itching of skin', 'cross-eyed', 'skin rash', 'feeling hot and cold','emotional symptoms', 'skin lesion']"
104,Acariasis,"['feeling hot and cold', 'skin rash', 'vomiting', 'swelling of scrotum', 'skin lesion','itching of skin', 'elbow weakness']"
105,Acariasis,"['skin lesion', 'bowlegged or knock-kneed', 'itching of skin', 'swelling of scrotum','elbow weakness', 'skin rash']"
106,Acariasis,"['wrist weakness', 'skin rash', 'itching of skin', 'bowlegged or knock-kneed', 'vomiting', 'swelling of scrotum','skin lesion', 'cross-eyed']"
107,Acariasis,"['skin lesion', 'cross-eyed', 'skin rash', 'vomiting', 'elbow weakness', 'swelling of scrotum','excessive growth', 'itching of skin']"
108,Acariasis,"['vomiting', 'itching of skin', 'bowlegged or knock-kneed', 'swelling of scrotum', 'wrist weakness', 'skin lesion','skin rash', 'feeling hot and cold']"
109,Acariasis,"['vomiting', 'skin rash', 'swelling of scrotum', 'skin lesion', 'wrist weakness', 'emotional symptoms','itching of skin', 'excessive growth']"
110,Acariasis,"['skin rash', 'skin lesion', 'swelling of scrotum', 'emotional symptoms', 'itching of skin','wrist weakness', 'vomiting']"
111,Acariasis,"['emotional symptoms', 'wrist weakness', 'vomiting', 'skin lesion','itching of skin', 'skin rash']"
112,Acariasis,"['wrist weakness', 'swelling of scrotum', 'cross-eyed', 'vomiting', 'skin lesion','skin rash', 'itching of skin']"
113,Acariasis,"['skin rash', 'swelling of scrotum', 'emotional symptoms', 'itching of skin', 'skin lesion', 'vomiting','cross-eyed', 'excessive growth']"
114,Gonorrhea,"['sharp abdominal pain', 'itching of skin', 'penile discharge', 'spotting or bleeding during pregnancy','cramps and spasms', 'penis redness']"
115,Gonorrhea,"['spotting or bleeding during pregnancy', 'sharp abdominal pain', 'penis redness', 'vaginal itching', 'vaginal discharge','penile discharge', 'itching of skin']"
116,Gonorrhea,"['sharp abdominal pain', 'spotting or bleeding during pregnancy', 'vaginal discharge', 'vaginal itching','itching of skin', 'penile discharge']"
117,Gonorrhea,"['vaginal pain', 'penile discharge', 'vaginal itching', 'spotting or bleeding during pregnancy', 'itching of skin', 'vaginal discharge','painful urination', 'sharp abdominal pain']"
118,Gonorrhea,"['painful urination', 'paresthesia', 'penis redness', 'problems with movement', 'penile discharge', 'vaginal itching','sharp abdominal pain', 'vaginal discharge']"
119,Gonorrhea,"['penile discharge', 'vaginal discharge', 'vaginal pain', 'painful urination', 'paresthesia', 'problems with movement','sharp abdominal pain', 'itching of skin']"
120,Gonorrhea,"['itching of skin', 'penile discharge', 'sharp abdominal pain', 'problems with movement', 'spotting or bleeding during pregnancy', 'cramps and spasms','vaginal discharge', 'penis redness']"
121,Gonorrhea,"['penile discharge', 'problems with movement', 'painful urination', 'cramps and spasms', 'sharp abdominal pain','spotting or bleeding during pregnancy', 'itching of skin']"
123,Gonorrhea,"['cramps and spasms', 'spotting or bleeding during pregnancy', 'itching of skin', 'problems with movement','vaginal discharge', 'penile discharge']"
124,Gonorrhea,"['vaginal pain', 'vaginal itching', 'problems with movement', 'penis redness', 'vaginal discharge','penile discharge', 'sharp abdominal pain']"
125,Gonorrhea,"['penile discharge', 'vaginal itching', 'spotting or bleeding during pregnancy', 'sharp abdominal pain', 'penis redness', 'painful urination','paresthesia', 'vaginal discharge']"
126,Fluid overload,"['peripheral edema', 'weakness', 'shortness of breath', 'sharp chest pain','hand or finger swelling', 'difficulty breathing']"
127,Fluid overload,"['sharp chest pain', 'peripheral edema', 'nausea', 'fluid retention', 'sharp abdominal pain','shortness of breath', 'weakness']"
129,Fluid overload,"['peripheral edema', 'sharp chest pain', 'fluid retention', 'sharp abdominal pain','weakness', 'shortness of breath']"
131,Fluid overload,"['hand or finger swelling', 'shortness of breath', 'leg swelling', 'sharp chest pain', 'weakness', 'fluid retention','nausea', 'sharp abdominal pain']"
132,Fluid overload,"['sharp abdominal pain', 'nausea', 'difficulty breathing', 'vomiting', 'shortness of breath', 'leg swelling','peripheral edema', 'fluid retention']"
134,Fluid overload,"['shortness of breath', 'fluid retention', 'sharp chest pain', 'nausea', 'difficulty breathing', 'vomiting','sharp abdominal pain', 'cough']"
135,Fluid overload,"['cough', 'shortness of breath', 'peripheral edema', 'vomiting', 'sharp chest pain', 'hand or finger swelling','sharp abdominal pain', 'nausea']"
136,Fluid overload,"['shortness of breath', 'difficulty breathing', 'leg swelling', 'hand or finger swelling', 'peripheral edema','sharp chest pain', 'weakness']"
137,Fluid overload,"['hand or finger swelling', 'sharp chest pain', 'cough', 'vomiting','sharp abdominal pain', 'shortness of breath']"
138,Fluid overload,"['cough', 'leg swelling', 'difficulty breathing', 'nausea', 'fluid retention','shortness of breath', 'peripheral edema']"
139,Fluid overload,"['shortness of breath', 'leg swelling', 'sharp chest pain', 'peripheral edema', 'difficulty breathing', 'fluid retention','vomiting', 'nausea']"
140,Diabetic ketoacidosis,"['nausea', 'thirst', 'vomiting', 'frequent urination','fluid retention', 'sharp chest pain']"
142,Diabetic ketoacidosis,"['frequent urination', 'nausea', 'diarrhea', 'sharp abdominal pain', 'weakness','vomiting', 'decreased appetite']"
143,Diabetic ketoacidosis,"['sharp chest pain', 'polyuria', 'weakness', 'nausea','decreased appetite', 'vomiting']"
144,Diabetic ketoacidosis,"['polyuria', 'vomiting', 'sharp abdominal pain', 'frequent urination', 'decreased appetite', 'weakness','sharp chest pain', 'nausea']"
145,Diabetic ketoacidosis,"['sharp chest pain', 'decreased appetite', 'nausea', 'depressive or psychotic symptoms', 'vomiting', 'sharp abdominal pain','diarrhea', 'weakness']"
146,Diabetic ketoacidosis,"['vomiting', 'weakness', 'polyuria', 'sharp abdominal pain', 'depressive or psychotic symptoms', 'diarrhea','nausea', 'thirst']"
148,Diabetic ketoacidosis,"['decreased appetite', 'vomiting', 'nausea', 'depressive or psychotic symptoms', 'frequent urination', 'fluid retention','weakness', 'diarrhea']"
150,Diabetic ketoacidosis,"['vomiting', 'diarrhea', 'sharp chest pain', 'fluid retention', 'nausea','frequent urination', 'decreased appetite']"
151,Diabetic ketoacidosis,"['fluid retention', 'frequent urination', 'decreased appetite', 'depressive or psychotic symptoms','weakness', 'vomiting']"
152,Diabetic ketoacidosis,"['thirst', 'sharp abdominal pain', 'sharp chest pain', 'diarrhea', 'weakness','vomiting', 'nausea']"
153,Diabetic ketoacidosis,"['vomiting', 'sharp abdominal pain', 'frequent urination', 'nausea', 'sharp chest pain', 'diarrhea','depressive or psychotic symptoms', 'weakness']"
154,Amyloidosis,"['fatigue', 'abnormal appearing skin', 'shortness of breath', 'wrist weakness','eye strain', 'fever']"
155,Amyloidosis,"['abnormal appearing skin', 'fatigue', 'congestion in chest', 'symptoms of the kidneys', 'anxiety and nervousness','shortness of breath', 'weakness']"
156,Amyloidosis,"['fatigue', 'abnormal appearing skin', 'symptoms of the kidneys', 'anxiety and nervousness','weakness', 'shortness of breath']"
157,Amyloidosis,"['wrist weakness', 'shortness of breath', 'symptoms of the kidneys', 'abnormal appearing skin', 'weakness', 'anxiety and nervousness','congestion in chest', 'fatigue']"
158,Amyloidosis,"['anxiety and nervousness', 'abnormal appearing skin', 'fever', 'weakness', 'shortness of breath', 'congestion in chest','fatigue', 'symptoms of the kidneys']"
159,Amyloidosis,"['shortness of breath', 'symptoms of the kidneys', 'abnormal appearing skin', 'congestion in chest', 'anxiety and nervousness', 'weakness','fatigue', 'fever']"
160,Amyloidosis,"['abnormal appearing skin', 'shortness of breath', 'fatigue', 'fever', 'feeling hot and cold', 'eye strain','anxiety and nervousness', 'congestion in chest']"
161,Amyloidosis,"['shortness of breath', 'fever', 'congestion in chest', 'eye strain', 'anxiety and nervousness','feeling hot and cold', 'weakness']"
162,Amyloidosis,"['eye strain', 'feeling hot and cold', 'abnormal appearing skin', 'fever','anxiety and nervousness', 'shortness of breath']"
163,Amyloidosis,"['abnormal appearing skin', 'congestion in chest', 'fever', 'symptoms of the kidneys', 'anxiety and nervousness','shortness of breath', 'fatigue']"
164,Amyloidosis,"['shortness of breath', 'symptoms of the kidneys', 'abnormal appearing skin', 'fatigue', 'fever', 'congestion in chest','weakness', 'anxiety and nervousness']"
166,Diabetes insipidus,"['cough', 'emotional symptoms', 'excessive appetite', 'elbow weakness','hip stiffness or tightness', 'frequent urination']"
167,Diabetes insipidus,"['elbow weakness', 'cough', 'dizziness', 'difficulty in swallowing', 'frequent urination','excessive appetite', 'itchy eyelid']"
168,Diabetes insipidus,"['frequent urination', 'elbow cramps or spasms', 'difficulty in swallowing', 'cough','itchy eyelid', 'excessive appetite']"
169,Diabetes insipidus,"['nailbiting', 'excessive appetite', 'difficulty in swallowing', 'elbow weakness', 'dizziness', 'cough','frequent urination', 'emotional symptoms']"
171,Diabetes insipidus,"['cough', 'emotional symptoms', 'excessive appetite', 'dizziness', 'itchy eyelid', 'frequent urination','wrist weakness', 'difficulty in swallowing']"
173,Diabetes insipidus,"['excessive appetite', 'difficulty in swallowing', 'elbow cramps or spasms', 'frequent urination', 'nailbiting', 'dizziness','cough', 'elbow weakness']"
174,Diabetes insipidus,"['dizziness', 'excessive appetite', 'cough', 'frequent urination', 'nailbiting', 'hip stiffness or tightness','difficulty in swallowing', 'wrist weakness']"
175,Diabetes insipidus,"['excessive appetite', 'frequent urination', 'difficulty in swallowing', 'hip stiffness or tightness', 'cough','nailbiting', 'dizziness']"
176,Diabetes insipidus,"['hip stiffness or tightness', 'nailbiting', 'dizziness', 'frequent urination','difficulty in swallowing', 'excessive appetite']"
177,Diabetes insipidus,"['nailbiting', 'frequent urination', 'emotional symptoms', 'dizziness', 'difficulty in swallowing','excessive appetite', 'cough']"
178,Diabetes insipidus,"['excessive appetite', 'difficulty in swallowing', 'hip stiffness or tightness', 'cough', 'frequent urination', 'dizziness','emotional symptoms', 'wrist weakness']"
179,Diabetic retinopathy,"['spots or clouds in vision', 'blindness', 'diminished vision', 'abnormal movement of eyelid','double vision', 'symptoms of eye']"
180,Diabetic retinopathy,"['abnormal movement of eyelid', 'diminished vision', 'symptoms of eye', 'lacrimation', 'pain in eye','spots or clouds in vision', 'blindness']"
181,Diabetic retinopathy,"['lacrimation', 'abnormal movement of eyelid', 'pain in eye', 'spots or clouds in vision','blindness', 'diminished vision']"
182,Diabetic retinopathy,"['bleeding from eye', 'diminished vision', 'pain in eye', 'abnormal movement of eyelid', 'itchiness of eye', 'lacrimation','symptoms of eye', 'spots or clouds in vision']"
184,Diabetic retinopathy,"['lacrimation', 'itchiness of eye', 'symptoms of eye', 'eye redness', 'diminished vision', 'pain in eye','foreign body sensation in eye', 'spots or clouds in vision']"
186,Diabetic retinopathy,"['diminished vision', 'pain in eye', 'bleeding from eye', 'lacrimation', 'foreign body sensation in eye', 'eye redness','spots or clouds in vision', 'blindness']"
187,Diabetic retinopathy,"['blindness', 'diminished vision', 'pain in eye', 'foreign body sensation in eye', 'abnormal movement of eyelid', 'double vision','spots or clouds in vision', 'symptoms of eye']"
188,Diabetic retinopathy,"['diminished vision', 'eye redness', 'symptoms of eye', 'double vision', 'spots or clouds in vision','abnormal movement of eyelid', 'itchiness of eye']"
189,Diabetic retinopathy,"['double vision', 'abnormal movement of eyelid', 'blindness', 'foreign body sensation in eye','spots or clouds in vision', 'diminished vision']"
190,Diabetic retinopathy,"['bleeding from eye', 'pain in eye', 'foreign body sensation in eye', 'symptoms of eye', 'lacrimation','diminished vision', 'spots or clouds in vision']"
191,Diabetic retinopathy,"['diminished vision', 'lacrimation', 'abnormal movement of eyelid', 'spots or clouds in vision', 'symptoms of eye', 'pain in eye','itchiness of eye', 'foreign body sensation in eye']"
192,Diabetic retinopathy,"['bleeding from eye', 'eye redness', 'lacrimation', 'symptoms of eye', 'pain in eye', 'foreign body sensation in eye','diminished vision', 'itchiness of eye']"
193,Diabetic peripheral neuropathy,"['foot or toe pain', 'foot or toe swelling', 'skin lesion', 'poor circulation','foot or toe stiffness or tightness', 'leg pain']"
194,Diabetic peripheral neuropathy,"['poor circulation', 'foot or toe pain', 'paresthesia', 'leg pain', 'loss of sensation','skin lesion', 'foot or toe swelling']"
195,Diabetic peripheral neuropathy,"['leg pain', 'skin on leg or foot looks infected', 'loss of sensation', 'foot or toe pain','foot or toe swelling', 'skin lesion']"
197,Diabetic peripheral neuropathy,"['lymphedema', 'skin lesion', 'loss of sensation', 'skin on leg or foot looks infected', 'problems with movement', 'paresthesia','leg pain', 'foot or toe pain']"
198,Diabetic peripheral neuropathy,"['loss of sensation', 'lymphedema', 'skin lesion', 'paresthesia', 'problems with movement', 'leg pain','foot or toe swelling', 'foot or toe pain']"
199,Diabetic peripheral neuropathy,"['skin lesion', 'loss of sensation', 'lymphedema', 'leg pain', 'skin on leg or foot looks infected', 'paresthesia','foot or toe pain', 'foot or toe swelling']"
200,Diabetic peripheral neuropathy,"['foot or toe swelling', 'skin lesion', 'loss of sensation', 'paresthesia', 'hand or finger cramps or spasms', 'foot or toe stiffness or tightness','foot or toe pain', 'problems with movement']"
201,Diabetic peripheral neuropathy,"['skin lesion', 'paresthesia', 'leg pain', 'poor circulation', 'foot or toe pain','hand or finger cramps or spasms', 'problems with movement']"
202,Diabetic peripheral neuropathy,"['foot or toe stiffness or tightness', 'hand or finger cramps or spasms', 'foot or toe swelling', 'paresthesia','foot or toe pain', 'skin lesion']"
203,Diabetic peripheral neuropathy,"['skin on leg or foot looks infected', 'loss of sensation', 'problems with movement', 'paresthesia', 'leg pain','skin lesion', 'foot or toe pain']"
204,Diabetic peripheral neuropathy,"['skin lesion', 'loss of sensation', 'poor circulation', 'foot or toe pain', 'leg pain', 'paresthesia','foot or toe swelling', 'problems with movement']"
205,Diabetic peripheral neuropathy,"['poor circulation', 'paresthesia', 'foot or toe pain', 'leg pain', 'loss of sensation', 'lymphedema','skin lesion', 'problems with movement']"
206,Carcinoid syndrome,"['neck cramps or spasms', 'wrist weakness', 'involuntary urination', 'joint stiffness or tightness','itchy eyelid', 'shoulder swelling']"
207,Carcinoid syndrome,"['itchy eyelid', 'involuntary urination', 'eye strain', 'vulvar sore', 'knee lump or mass','neck cramps or spasms', 'wrist weakness']"
208,Carcinoid syndrome,"['excessive growth', 'itchy eyelid', 'neck cramps or spasms', 'vulvar sore','wrist weakness', 'involuntary urination']"
210,Carcinoid syndrome,"['joint stiffness or tightness', 'involuntary urination', 'excessive growth', 'itchy eyelid', 'wrist weakness', 'loss of sex drive','eye strain', 'neck cramps or spasms']"
211,Carcinoid syndrome,"['neck cramps or spasms', 'vulvar sore', 'loss of sex drive', 'shoulder swelling', 'involuntary urination', 'excessive growth','eye strain', 'knee lump or mass']"
212,Carcinoid syndrome,"['knee lump or mass', 'neck cramps or spasms', 'joint stiffness or tightness', 'vulvar sore', 'nailbiting', 'shoulder swelling','involuntary urination', 'itchy eyelid']"
213,Carcinoid syndrome,"['joint stiffness or tightness', 'involuntary urination', 'excessive growth', 'nailbiting', 'wrist weakness', 'itchy eyelid','knee lump or mass', 'loss of sex drive']"
214,Carcinoid syndrome,"['involuntary urination', 'nailbiting', 'loss of sex drive', 'itchy eyelid', 'neck cramps or spasms','wrist weakness', 'joint stiffness or tightness']"
215,Carcinoid syndrome,"['itchy eyelid', 'wrist weakness', 'joint stiffness or tightness', 'nailbiting','knee lump or mass', 'involuntary urination']"
216,Carcinoid syndrome,"['joint stiffness or tightness', 'excessive growth', 'eye strain', 'loss of sex drive', 'vulvar sore','involuntary urination', 'knee lump or mass']"
217,Carcinoid syndrome,"['involuntary urination', 'loss of sex drive', 'itchy eyelid', 'knee lump or mass', 'shoulder swelling', 'vulvar sore','excessive growth', 'eye strain']"
218,Graves disease,"['fatigue', 'involuntary urination', 'dizziness', 'muscle cramps, contractures, or spasms','hemoptysis', 'abnormal involuntary movements']"
219,Graves disease,"['muscle cramps, contractures, or spasms', 'fatigue', 'abnormal involuntary movements', 'sweating', 'palpitations','dizziness', 'involuntary urination']"
220,Graves disease,"['sweating', 'foot or toe swelling', 'palpitations', 'fatigue','involuntary urination', 'dizziness']"
221,Graves disease,"['foot or toe swelling', 'dizziness', 'sweating', 'muscle cramps, contractures, or spasms', 'involuntary urination', 'palpitations','abnormal involuntary movements', 'fatigue']"
222,Graves disease,"['fatigue', 'irregular heartbeat', 'weight gain', 'leg cramps or spasms', 'dizziness', 'sweating','abnormal involuntary movements', 'palpitations']"
223,Graves disease,"['dizziness', 'palpitations', 'foot or toe swelling', 'sweating', 'irregular heartbeat', 'leg cramps or spasms','fatigue', 'involuntary urination']"
224,Graves disease,"['involuntary urination', 'dizziness', 'fatigue', 'leg cramps or spasms', 'muscle cramps, contractures, or spasms', 'hemoptysis','palpitations', 'weight gain']"
225,Graves disease,"['dizziness', 'weight gain', 'abnormal involuntary movements', 'hemoptysis', 'fatigue','muscle cramps, contractures, or spasms', 'irregular heartbeat']"
226,Graves disease,"['hemoptysis', 'muscle cramps, contractures, or spasms', 'involuntary urination', 'leg cramps or spasms','palpitations', 'dizziness']"
227,Graves disease,"['foot or toe swelling', 'sweating', 'abnormal involuntary movements', 'weight gain', 'palpitations','dizziness', 'fatigue']"
228,Graves disease,"['dizziness', 'palpitations', 'muscle cramps, contractures, or spasms', 'fatigue', 'abnormal involuntary movements', 'weight gain','sweating', 'leg cramps or spasms']"
229,Cushing syndrome,"['weight gain', 'infrequent menstruation', 'decreased heart rate', 'low back weakness','bladder mass', 'shoulder pain']"
231,Cushing syndrome,"['bladder mass', 'decreased heart rate', 'elbow weakness', 'shoulder pain', 'nailbiting','weight gain', 'infrequent menstruation']"
232,Cushing syndrome,"['elbow cramps or spasms', 'bladder mass', 'weight gain', 'shoulder pain','infrequent menstruation', 'decreased heart rate']"
233,Cushing syndrome,"['low back weakness', 'decreased heart rate', 'weight gain', 'infrequent menstruation', 'emotional symptoms', 'muscle swelling','shoulder pain', 'elbow cramps or spasms']"
234,Cushing syndrome,"['decreased heart rate', 'elbow cramps or spasms', 'muscle swelling', 'infrequent menstruation', 'nailbiting', 'shoulder pain','emotional symptoms', 'weight gain']"
235,Cushing syndrome,"['nailbiting', 'weight gain', 'bladder mass', 'decreased heart rate', 'itching of scrotum', 'shoulder pain','elbow weakness', 'low back weakness']"
236,Cushing syndrome,"['muscle swelling', 'decreased heart rate', 'shoulder pain', 'nailbiting', 'low back weakness', 'bladder mass','weight gain', 'elbow weakness']"
237,Cushing syndrome,"['decreased heart rate', 'shoulder pain', 'muscle swelling', 'bladder mass', 'weight gain','low back weakness', 'elbow cramps or spasms']"
238,Cushing syndrome,"['bladder mass', 'low back weakness', 'muscle swelling', 'nailbiting','weight gain', 'decreased heart rate']"
239,Cushing syndrome,"['low back weakness', 'weight gain', 'elbow weakness', 'emotional symptoms', 'elbow cramps or spasms','decreased heart rate', 'shoulder pain']"
240,Cushing syndrome,"['decreased heart rate', 'weight gain', 'bladder mass', 'nailbiting', 'shoulder pain', 'elbow weakness','emotional symptoms', 'muscle swelling']"
241,Cushing syndrome,"['low back weakness', 'shoulder pain', 'emotional symptoms', 'muscle swelling', 'weight gain', 'elbow weakness','decreased heart rate', 'infrequent menstruation']"
242,Cystic Fibrosis,"['feeling ill', 'cough', 'drainage in throat','muscle pain', 'decreased appetite']"
244,Cystic Fibrosis,"['hemoptysis', 'decreased appetite', 'drainage in throat', 'feeling ill','cough', 'muscle pain']"
245,Cystic Fibrosis,"['decreased appetite', 'cough', 'drainage in throat','feeling ill', 'hemoptysis']"
246,Cystic Fibrosis,"['drainage in throat', 'intermenstrual bleeding', 'feeling ill', 'cough', 'decreased appetite','muscle pain', 'bleeding gums']"
247,Cystic Fibrosis,"['cough', 'spots or clouds in vision', 'hemoptysis', 'intermenstrual bleeding', 'bleeding gums','feeling ill', 'drainage in throat']"
248,Cystic Fibrosis,"['drainage in throat', 'feeling ill', 'hemoptysis', 'decreased appetite', 'sinus congestion','cough', 'intermenstrual bleeding']"
249,Cystic Fibrosis,"['drainage in throat', 'cough', 'decreased appetite', 'feeling ill','intermenstrual bleeding', 'spots or clouds in vision']"
250,Cystic Fibrosis,"['decreased appetite', 'cough', 'intermenstrual bleeding','hemoptysis', 'feeling ill']"
251,Cystic Fibrosis,"['drainage in throat', 'cough', 'decreased appetite','intermenstrual bleeding', 'feeling ill']"
253,Cystic Fibrosis,"['hemoptysis', 'cough', 'drainage in throat', 'sinus congestion','decreased appetite', 'feeling ill']"
254,Cystic Fibrosis,"['intermenstrual bleeding', 'cough', 'spots or clouds in vision', 'hemoptysis', 'decreased appetite','drainage in throat', 'feeling ill']"
256,Conversion disorder,"['depression', 'fatigue', 'seizures', 'focal weakness','fainting', 'anxiety and nervousness']"
257,Conversion disorder,"['fainting', 'depression', 'anxiety and nervousness', 'weakness', 'sweating','seizures', 'cough']"
258,Conversion disorder,"['allergic reaction', 'focal weakness', 'weakness', 'sweating','fatigue', 'seizures']"
259,Conversion disorder,"['focal weakness', 'seizures', 'weakness', 'fainting', 'cough', 'allergic reaction','sore throat', 'sweating']"
260,Conversion disorder,"['weakness', 'sweating', 'anxiety and nervousness', 'abnormal involuntary movements', 'seizures', 'sore throat','depression', 'allergic reaction']"
261,Conversion disorder,"['seizures', 'weakness', 'focal weakness', 'sore throat', 'anxiety and nervousness', 'abnormal involuntary movements','sweating', 'cough']"
262,Conversion disorder,"['cough', 'seizures', 'depression', 'abnormal involuntary movements', 'focal weakness', 'fainting','allergic reaction', 'sore throat']"
264,Conversion disorder,"['seizures', 'abnormal involuntary movements', 'sore throat', 'fainting', 'depression','focal weakness', 'cough']"
265,Conversion disorder,"['fainting', 'focal weakness', 'cough', 'abnormal involuntary movements','allergic reaction', 'seizures']"
266,Conversion disorder,"['cough', 'sore throat', 'anxiety and nervousness', 'weakness', 'allergic reaction','seizures', 'depression']"
268,Conversion disorder,"['seizures', 'weakness', 'fainting', 'depression', 'anxiety and nervousness', 'allergic reaction','abnormal involuntary movements', 'sore throat']"
269,Chronic pain disorder,"['low back pain', 'knee pain', 'back pain', 'hip pain','lower body pain', 'headache']"
271,Chronic pain disorder,"['hip pain', 'low back pain', 'headache', 'leg pain', 'ache all over','back pain', 'knee pain']"
272,Chronic pain disorder,"['low back pain', 'hip pain', 'leg pain', 'ache all over','shoulder pain', 'back pain']"
273,Chronic pain disorder,"['shoulder pain', 'back pain', 'leg pain', 'hip pain', 'knee pain', 'ache all over','neck pain', 'low back pain']"
274,Chronic pain disorder,"['leg pain', 'shoulder pain', 'headache', 'sharp abdominal pain', 'back pain', 'neck pain','low back pain', 'ache all over']"
275,Chronic pain disorder,"['back pain', 'leg pain', 'hip pain', 'neck pain', 'headache', 'sharp abdominal pain','low back pain', 'knee pain']"
276,Chronic pain disorder,"['knee pain', 'back pain', 'low back pain', 'sharp abdominal pain', 'pelvic pain', 'lower body pain','ache all over', 'headache']"
277,Chronic pain disorder,"['back pain', 'sharp abdominal pain', 'neck pain', 'lower body pain', 'low back pain','pelvic pain', 'knee pain']"
278,Chronic pain disorder,"['lower body pain', 'pelvic pain', 'knee pain', 'sharp abdominal pain','ache all over', 'back pain']"
279,Chronic pain disorder,"['knee pain', 'neck pain', 'leg pain', 'headache', 'ache all over','back pain', 'low back pain']"
280,Chronic pain disorder,"['back pain', 'leg pain', 'hip pain', 'low back pain', 'headache', 'neck pain','ache all over', 'sharp abdominal pain']"
281,Acute stress reaction,"['headache', 'fatigue', 'anxiety and nervousness', 'abnormal involuntary movements','chest tightness', 'insomnia']"
282,Acute stress reaction,"['abnormal involuntary movements', 'sharp chest pain', 'insomnia', 'depressive or psychotic symptoms', 'headache','anxiety and nervousness', 'fatigue']"
284,Acute stress reaction,"['depression', 'abnormal involuntary movements', 'depressive or psychotic symptoms', 'headache','fatigue', 'anxiety and nervousness']"
285,Acute stress reaction,"['abnormal involuntary movements', 'anxiety and nervousness', 'depression', 'chest tightness', 'fatigue', 'depressive or psychotic symptoms','insomnia', 'headache']"
286,Acute stress reaction,"['headache', 'dizziness', 'insomnia', 'shortness of breath', 'anxiety and nervousness', 'depression','sharp chest pain', 'depressive or psychotic symptoms']"
287,Acute stress reaction,"['anxiety and nervousness', 'depressive or psychotic symptoms', 'abnormal involuntary movements', 'depression', 'dizziness', 'shortness of breath','headache', 'burning abdominal pain']"
288,Acute stress reaction,"['burning abdominal pain', 'anxiety and nervousness', 'sharp chest pain', 'shortness of breath', 'abnormal involuntary movements', 'chest tightness','depressive or psychotic symptoms', 'insomnia']"
289,Acute stress reaction,"['anxiety and nervousness', 'dizziness', 'depression', 'chest tightness', 'headache','abnormal involuntary movements', 'fatigue']"
290,Acute stress reaction,"['chest tightness', 'abnormal involuntary movements', 'burning abdominal pain', 'shortness of breath','depressive or psychotic symptoms', 'anxiety and nervousness']"
291,Acute stress reaction,"['burning abdominal pain', 'depression', 'headache', 'insomnia', 'depressive or psychotic symptoms','anxiety and nervousness', 'sharp chest pain']"
293,Acute stress reaction,"['anxiety and nervousness', 'depression', 'abnormal involuntary movements', 'sharp chest pain', 'insomnia', 'depressive or psychotic symptoms','shortness of breath', 'dizziness']"
294,Acute stress reaction,"['abnormal involuntary movements', 'shortness of breath', 'depression', 'insomnia', 'depressive or psychotic symptoms', 'dizziness','anxiety and nervousness', 'fatigue']"
295,Factitious disorder,"['depressive or psychotic symptoms', 'lip swelling', 'disturbance of memory', 'elbow cramps or spasms','nailbiting', 'paresthesia']"
296,Factitious disorder,"['elbow cramps or spasms', 'depressive or psychotic symptoms', 'paresthesia', 'loss of sensation', 'depression','disturbance of memory', 'lip swelling']"
297,Factitious disorder,"['loss of sensation', 'excessive growth', 'depression', 'depressive or psychotic symptoms','lip swelling', 'disturbance of memory']"
298,Factitious disorder,"['elbow cramps or spasms', 'disturbance of memory', 'depression', 'excessive growth', 'lip swelling', 'paresthesia','loss of sensation', 'depressive or psychotic symptoms']"
299,Factitious disorder,"['depressive or psychotic symptoms', 'itchy eyelid', 'paresthesia', 'lip swelling', 'disturbance of memory', 'loss of sensation','wrist weakness', 'depression']"
300,Factitious disorder,"['disturbance of memory', 'depression', 'wrist weakness', 'loss of sensation', 'lip swelling', 'paresthesia','depressive or psychotic symptoms', 'itchy eyelid']"
301,Factitious disorder,"['lip swelling', 'disturbance of memory', 'depressive or psychotic symptoms', 'paresthesia', 'elbow weakness', 'nailbiting','depression', 'loss of sensation']"
302,Factitious disorder,"['disturbance of memory', 'paresthesia', 'loss of sensation', 'nailbiting', 'depressive or psychotic symptoms','elbow weakness', 'lip swelling']"
304,Factitious disorder,"['nailbiting', 'elbow weakness', 'lip swelling', 'paresthesia','depression', 'disturbance of memory']"
305,Factitious disorder,"['wrist weakness', 'loss of sensation', 'lip swelling', 'paresthesia', 'depression','disturbance of memory', 'depressive or psychotic symptoms']"
307,Factitious disorder,"['disturbance of memory', 'depression', 'elbow weakness', 'depressive or psychotic symptoms', 'paresthesia', 'loss of sensation','wrist weakness', 'lip swelling']"
308,Alcohol intoxication,"['depressive or psychotic symptoms', 'fainting', 'abusing alcohol', 'delusions or hallucinations','problems with movement', 'sharp chest pain']"
310,Alcohol intoxication,"['problems with movement', 'depressive or psychotic symptoms', 'sharp chest pain', 'depression', 'vomiting','abusing alcohol', 'abnormal involuntary movements']"
312,Alcohol intoxication,"['depressive or psychotic symptoms', 'delusions or hallucinations', 'depression', 'vomiting','fainting', 'abusing alcohol']"
313,Alcohol intoxication,"['delusions or hallucinations', 'abusing alcohol', 'depression', 'problems with movement', 'abnormal involuntary movements', 'sharp abdominal pain','sharp chest pain', 'depressive or psychotic symptoms']"
314,Alcohol intoxication,"['depression', 'anxiety and nervousness', 'sharp chest pain', 'nausea', 'abusing alcohol', 'sharp abdominal pain','depressive or psychotic symptoms', 'vomiting']"
315,Alcohol intoxication,"['abusing alcohol', 'depression', 'delusions or hallucinations', 'sharp abdominal pain', 'anxiety and nervousness', 'nausea','depressive or psychotic symptoms', 'abnormal involuntary movements']"
316,Alcohol intoxication,"['abnormal involuntary movements', 'abusing alcohol', 'depressive or psychotic symptoms', 'nausea', 'delusions or hallucinations', 'problems with movement','vomiting', 'sharp chest pain']"
317,Alcohol intoxication,"['abusing alcohol', 'anxiety and nervousness', 'sharp chest pain', 'problems with movement', 'depressive or psychotic symptoms','delusions or hallucinations', 'fainting']"
318,Alcohol intoxication,"['problems with movement', 'delusions or hallucinations', 'abnormal involuntary movements', 'nausea','vomiting', 'abusing alcohol']"
319,Alcohol intoxication,"['abnormal involuntary movements', 'sharp abdominal pain', 'anxiety and nervousness', 'sharp chest pain', 'vomiting','abusing alcohol', 'depressive or psychotic symptoms']"
320,Alcohol intoxication,"['abusing alcohol', 'depression', 'problems with movement', 'depressive or psychotic symptoms', 'sharp chest pain', 'sharp abdominal pain','nausea', 'anxiety and nervousness']"
321,Eating disorder,"['anxiety and nervousness', 'excessive anger', 'depression', 'vomiting blood','acne or pimples', 'abusing alcohol']"
322,Eating disorder,"['vomiting blood', 'anxiety and nervousness', 'excessive appetite', 'decreased appetite', 'depressive or psychotic symptoms','depression', 'excessive anger']"
323,Eating disorder,"['anxiety and nervousness', 'insomnia', 'decreased appetite', 'depressive or psychotic symptoms','excessive anger', 'depression']"
324,Eating disorder,"['insomnia', 'depression', 'decreased appetite', 'vomiting blood', 'excessive anger', 'depressive or psychotic symptoms','abusing alcohol', 'anxiety and nervousness']"
325,Eating disorder,"['abusing alcohol', 'weight gain', 'excessive appetite', 'difficulty eating', 'depression', 'decreased appetite','anxiety and nervousness', 'depressive or psychotic symptoms']"
326,Eating disorder,"['depression', 'decreased appetite', 'insomnia', 'depressive or psychotic symptoms', 'weight gain', 'difficulty eating','anxiety and nervousness', 'excessive anger']"
327,Eating disorder,"['excessive anger', 'depression', 'anxiety and nervousness', 'difficulty eating', 'vomiting blood', 'acne or pimples','depressive or psychotic symptoms', 'excessive appetite']"
328,Eating disorder,"['depression', 'excessive appetite', 'abusing alcohol', 'acne or pimples', 'anxiety and nervousness','vomiting blood', 'weight gain']"
329,Eating disorder,"['acne or pimples', 'vomiting blood', 'excessive anger', 'difficulty eating','depressive or psychotic symptoms', 'depression']"
330,Eating disorder,"['insomnia', 'decreased appetite', 'abusing alcohol', 'excessive appetite', 'depressive or psychotic symptoms','depression', 'anxiety and nervousness']"
331,Eating disorder,"['depression', 'decreased appetite', 'vomiting blood', 'anxiety and nervousness', 'abusing alcohol', 'depressive or psychotic symptoms','weight gain', 'difficulty eating']"
332,Anxiety,"['depression', 'palpitations', 'anxiety and nervousness', 'irregular heartbeat','increased heart rate', 'shortness of breath']"
333,Anxiety,"['fears and phobias', 'anxiety and nervousness', 'headache', 'depressive or psychotic symptoms', 'sharp chest pain','depression', 'palpitations']"
334,Anxiety,"['depression', 'irregular heartbeat', 'sharp chest pain', 'depressive or psychotic symptoms','palpitations', 'anxiety and nervousness']"
335,Anxiety,"['abnormal involuntary movements', 'anxiety and nervousness', 'depressive or psychotic symptoms', 'irregular heartbeat', 'palpitations', 'sharp chest pain','shortness of breath', 'depression']"
336,Anxiety,"['depression', 'palpitations', 'shortness of breath', 'insomnia', 'anxiety and nervousness', 'depressive or psychotic symptoms','headache', 'sharp chest pain']"
337,Anxiety,"['anxiety and nervousness', 'sharp chest pain', 'abnormal involuntary movements', 'depressive or psychotic symptoms', 'insomnia', 'headache','depression', 'palpitations']"
339,Anxiety,"['palpitations', 'anxiety and nervousness', 'depression', 'insomnia', 'fears and phobias', 'increased heart rate','sharp chest pain', 'headache']"
340,Anxiety,"['anxiety and nervousness', 'headache', 'shortness of breath', 'increased heart rate', 'depression','fears and phobias', 'palpitations']"
341,Anxiety,"['increased heart rate', 'fears and phobias', 'palpitations', 'insomnia','sharp chest pain', 'anxiety and nervousness']"
342,Anxiety,"['abnormal involuntary movements', 'depressive or psychotic symptoms', 'headache', 'shortness of breath', 'sharp chest pain','anxiety and nervousness', 'depression']"
343,Anxiety,"['anxiety and nervousness', 'depressive or psychotic symptoms', 'fears and phobias', 'depression', 'shortness of breath', 'sharp chest pain','headache', 'insomnia']"
344,Dissociative disorder,"['anxiety and nervousness', 'disturbance of memory', 'depressive or psychotic symptoms', 'delusions or hallucinations','elbow cramps or spasms', 'low self-esteem']"
346,Dissociative disorder,"['delusions or hallucinations', 'depressive or psychotic symptoms', 'excessive anger', 'depression', 'low self-esteem','anxiety and nervousness', 'disturbance of memory']"
347,Dissociative disorder,"['low self-esteem', 'delusions or hallucinations', 'depression', 'anxiety and nervousness','disturbance of memory', 'depressive or psychotic symptoms']"
348,Dissociative disorder,"['disturbance of memory', 'depressive or psychotic symptoms', 'depression', 'delusions or hallucinations', 'excessive anger', 'low self-esteem','anxiety and nervousness', 'muscle swelling']"
349,Dissociative disorder,"['low self-esteem', 'back weakness', 'depressive or psychotic symptoms', 'excessive anger', 'disturbance of memory', 'depression','delusions or hallucinations', 'anxiety and nervousness']"
350,Dissociative disorder,"['excessive anger', 'anxiety and nervousness', 'delusions or hallucinations', 'depression', 'pus in urine', 'low self-esteem','depressive or psychotic symptoms', 'disturbance of memory']"
351,Dissociative disorder,"['disturbance of memory', 'depressive or psychotic symptoms', 'depression', 'excessive anger', 'low back weakness', 'elbow cramps or spasms','anxiety and nervousness', 'low self-esteem']"
352,Dissociative disorder,"['depressive or psychotic symptoms', 'low self-esteem', 'depression', 'muscle swelling', 'anxiety and nervousness','pus in urine', 'excessive anger']"
353,Dissociative disorder,"['elbow cramps or spasms', 'low back weakness', 'disturbance of memory', 'excessive anger','anxiety and nervousness', 'depressive or psychotic symptoms']"
354,Dissociative disorder,"['delusions or hallucinations', 'depression', 'disturbance of memory', 'excessive anger', 'low self-esteem','depressive or psychotic symptoms', 'anxiety and nervousness']"
355,Dissociative disorder,"['depressive or psychotic symptoms', 'depression', 'back weakness', 'anxiety and nervousness', 'low self-esteem', 'excessive anger','delusions or hallucinations', 'disturbance of memory']"
356,Drug abuse cocaine,"['abusing alcohol', 'hostile behavior', 'drug abuse', 'excessive anger','nightmares', 'depression']"
357,Drug abuse cocaine,"['excessive anger', 'drug abuse', 'sharp chest pain', 'depressive or psychotic symptoms', 'depression','abusing alcohol', 'delusions or hallucinations']"
358,Drug abuse cocaine,"['depression', 'hostile behavior', 'depressive or psychotic symptoms', 'abusing alcohol','delusions or hallucinations', 'drug abuse']"
359,Drug abuse cocaine,"['excessive anger', 'drug abuse', 'depressive or psychotic symptoms', 'hostile behavior', 'delusions or hallucinations', 'abusing alcohol','depression', 'sharp chest pain']"
361,Drug abuse cocaine,"['depression', 'excessive anger', 'drug abuse', 'sharp chest pain', 'delusions or hallucinations', 'depressive or psychotic symptoms','hostile behavior', 'abusing alcohol']"
362,Drug abuse cocaine,"['excessive anger', 'depressive or psychotic symptoms', 'abusing alcohol', 'depression', 'delusions or hallucinations','drug abuse', 'sharp chest pain']"
363,Drug abuse cocaine,"['abusing alcohol', 'delusions or hallucinations', 'drug abuse', 'hostile behavior', 'depressive or psychotic symptoms','sharp chest pain', 'depression']"
364,Drug abuse cocaine,"['depressive or psychotic symptoms', 'abusing alcohol', 'depression', 'sharp chest pain','drug abuse', 'delusions or hallucinations']"
365,Drug abuse cocaine,"['nightmares', 'hysterical behavior', 'delusions or hallucinations', 'sharp chest pain','abusing alcohol', 'drug abuse']"
366,Drug abuse cocaine,"['abusing alcohol', 'drug abuse', 'delusions or hallucinations', 'sharp chest pain','depression', 'depressive or psychotic symptoms']"
368,Drug abuse cocaine,"['drug abuse', 'depressive or psychotic symptoms', 'fears and phobias', 'abusing alcohol', 'depression', 'sharp chest pain','hostile behavior', 'delusions or hallucinations']"
370,Adjustment reaction,"['depressive or psychotic symptoms', 'delusions or hallucinations', 'depression', 'fears and phobias','restlessness', 'excessive anger']"
371,Adjustment reaction,"['restlessness', 'depressive or psychotic symptoms', 'insomnia', 'anxiety and nervousness', 'excessive anger','depression', 'delusions or hallucinations']"
372,Adjustment reaction,"['excessive anger', 'fears and phobias', 'anxiety and nervousness', 'depressive or psychotic symptoms','delusions or hallucinations', 'depression']"
373,Adjustment reaction,"['temper problems', 'depression', 'anxiety and nervousness', 'fears and phobias', 'low self-esteem', 'depressive or psychotic symptoms','excessive anger', 'hostile behavior']"
374,Adjustment reaction,"['excessive anger', 'delusions or hallucinations', 'hostile behavior', 'insomnia', 'depression', 'anxiety and nervousness','low self-esteem', 'depressive or psychotic symptoms']"
375,Adjustment reaction,"['excessive anger', 'anxiety and nervousness', 'temper problems', 'depressive or psychotic symptoms', 'low self-esteem', 'hostile behavior','depression', 'fears and phobias']"
377,Adjustment reaction,"['delusions or hallucinations', 'depression', 'anxiety and nervousness', 'insomnia', 'nightmares', 'restlessness','depressive or psychotic symptoms', 'low self-esteem']"
378,Adjustment reaction,"['depression', 'hostile behavior', 'excessive anger', 'restlessness', 'depressive or psychotic symptoms','nightmares', 'low self-esteem']"
379,Adjustment reaction,"['restlessness', 'nightmares', 'delusions or hallucinations', 'insomnia','depressive or psychotic symptoms', 'depression']"
380,Adjustment reaction,"['temper problems', 'anxiety and nervousness', 'insomnia', 'hostile behavior', 'excessive anger','depression', 'depressive or psychotic symptoms']"
381,Adjustment reaction,"['depression', 'anxiety and nervousness', 'restlessness', 'depressive or psychotic symptoms', 'excessive anger', 'insomnia','hostile behavior', 'low self-esteem']"
382,Cerebral edema,"['neck pain', 'dizziness', 'headache', 'muscle stiffness or tightness','arm pain', 'loss of sensation']"
383,Cerebral edema,"['arm pain', 'neck pain', 'difficulty speaking', 'vomiting', 'focal weakness','headache', 'dizziness']"
384,Cerebral edema,"['vomiting', 'muscle stiffness or tightness', 'diminished vision', 'focal weakness','dizziness', 'headache']"
386,Cerebral edema,"['muscle stiffness or tightness', 'headache', 'vomiting', 'arm pain', 'dizziness', 'diminished vision','difficulty speaking', 'focal weakness']"
387,Cerebral edema,"['focal weakness', 'difficulty speaking', 'loss of sensation', 'nausea', 'headache', 'vomiting','neck pain', 'diminished vision']"
388,Cerebral edema,"['headache', 'diminished vision', 'muscle stiffness or tightness', 'difficulty speaking', 'loss of sensation', 'nausea','focal weakness', 'dizziness']"
389,Cerebral edema,"['dizziness', 'headache', 'neck pain', 'nausea', 'muscle stiffness or tightness', 'arm pain','diminished vision', 'difficulty speaking']"
390,Cerebral edema,"['headache', 'loss of sensation', 'difficulty speaking', 'arm pain', 'neck pain','muscle stiffness or tightness', 'dizziness']"
391,Cerebral edema,"['arm pain', 'muscle stiffness or tightness', 'dizziness', 'nausea','diminished vision', 'headache']"
392,Cerebral edema,"['dizziness', 'vomiting', 'focal weakness', 'difficulty speaking', 'diminished vision','headache', 'neck pain']"
393,Cerebral edema,"['headache', 'vomiting', 'muscle stiffness or tightness', 'neck pain', 'loss of sensation', 'diminished vision','nausea', 'difficulty speaking']"
394,Degenerative disc disease,"['low back pain', 'arm pain', 'back pain', 'paresthesia','joint pain', 'hip pain']"
395,Degenerative disc disease,"['paresthesia', 'low back pain', 'shoulder pain', 'neck pain', 'leg pain','back pain', 'arm pain']"
396,Degenerative disc disease,"['neck pain', 'lower body pain', 'leg pain', 'low back pain','arm pain', 'back pain']"
397,Degenerative disc disease,"['lower body pain', 'back pain', 'neck pain', 'paresthesia', 'arm pain', 'leg pain','hip pain', 'low back pain']"
398,Degenerative disc disease,"['hip pain', 'loss of sensation', 'low back pain', 'ache all over', 'back pain', 'neck pain','shoulder pain', 'leg pain']"
399,Degenerative disc disease,"['back pain', 'neck pain', 'lower body pain', 'leg pain', 'loss of sensation', 'ache all over','low back pain', 'arm pain']"
400,Degenerative disc disease,"['arm pain', 'back pain', 'low back pain', 'ache all over', 'paresthesia', 'joint pain','leg pain', 'shoulder pain']"
401,Degenerative disc disease,"['back pain', 'shoulder pain', 'hip pain', 'paresthesia', 'low back pain','joint pain', 'loss of sensation']"
402,Degenerative disc disease,"['joint pain', 'paresthesia', 'arm pain', 'ache all over','leg pain', 'back pain']"
403,Degenerative disc disease,"['arm pain', 'neck pain', 'hip pain', 'shoulder pain', 'leg pain','back pain', 'low back pain']"
404,Degenerative disc disease,"['back pain', 'neck pain', 'paresthesia', 'low back pain', 'hip pain', 'leg pain','loss of sensation', 'ache all over']"
406,Guillain Barre syndrome,"['leg weakness', 'weakness', 'leg pain', 'problems with movement','facial pain', 'dizziness']"
407,Guillain Barre syndrome,"['facial pain', 'leg pain', 'dizziness', 'ache all over', 'loss of sensation','leg weakness', 'weakness']"
408,Guillain Barre syndrome,"['fever', 'problems with movement', 'ache all over', 'loss of sensation','weakness', 'leg weakness']"
410,Guillain Barre syndrome,"['problems with movement', 'leg weakness', 'ache all over', 'facial pain', 'weakness', 'fever','dizziness', 'loss of sensation']"
411,Guillain Barre syndrome,"['dizziness', 'loss of sensation', 'paresthesia', 'hand or finger pain', 'leg weakness', 'ache all over','leg pain', 'fever']"
412,Guillain Barre syndrome,"['leg weakness', 'ache all over', 'problems with movement', 'dizziness', 'paresthesia', 'hand or finger pain','loss of sensation', 'difficulty speaking']"
413,Guillain Barre syndrome,"['weakness', 'leg weakness', 'leg pain', 'paresthesia', 'problems with movement', 'facial pain','fever', 'dizziness']"
414,Guillain Barre syndrome,"['leg weakness', 'paresthesia', 'ache all over', 'facial pain', 'loss of sensation','problems with movement', 'weakness']"
416,Guillain Barre syndrome,"['facial pain', 'problems with movement', 'weakness', 'paresthesia','fever', 'leg weakness']"
417,Guillain Barre syndrome,"['difficulty speaking', 'ache all over', 'loss of sensation', 'dizziness', 'fever','leg weakness', 'leg pain']"
418,Guillain Barre syndrome,"['leg pain', 'ache all over', 'problems with movement', 'leg weakness', 'dizziness', 'fever','hand or finger pain', 'paresthesia']"
419,Complex regional pain syndrome,"['leg pain', 'low back pain', 'loss of sensation', 'abnormal involuntary movements','problems with movement', 'arm pain']"
420,Complex regional pain syndrome,"['problems with movement', 'leg pain', 'ache all over', 'back pain', 'foot or toe pain','loss of sensation', 'neck pain']"
421,Complex regional pain syndrome,"['paresthesia', 'abnormal involuntary movements', 'back pain', 'foot or toe pain','low back pain', 'loss of sensation']"
422,Complex regional pain syndrome,"['abnormal involuntary movements', 'loss of sensation', 'back pain', 'problems with movement', 'neck pain', 'paresthesia','ache all over', 'foot or toe pain']"
423,Complex regional pain syndrome,"['ache all over', 'foot or toe pain', 'arm pain', 'hand or finger pain', 'loss of sensation', 'back pain','leg pain', 'paresthesia']"
425,Complex regional pain syndrome,"['loss of sensation', 'back pain', 'abnormal involuntary movements', 'ache all over', 'arm pain', 'hand or finger pain','foot or toe pain', 'neck pain']"
426,Complex regional pain syndrome,"['neck pain', 'loss of sensation', 'leg pain', 'hand or finger pain', 'abnormal involuntary movements', 'problems with movement','paresthesia', 'ache all over']"
427,Complex regional pain syndrome,"['loss of sensation', 'arm pain', 'back pain', 'problems with movement', 'foot or toe pain','abnormal involuntary movements', 'neck pain']"
428,Complex regional pain syndrome,"['problems with movement', 'abnormal involuntary movements', 'neck pain', 'hand or finger pain','paresthesia', 'loss of sensation']"
429,Complex regional pain syndrome,"['neck pain', 'back pain', 'foot or toe pain', 'ache all over', 'paresthesia','loss of sensation', 'leg pain']"
430,Complex regional pain syndrome,"['loss of sensation', 'back pain', 'abnormal involuntary movements', 'leg pain', 'arm pain', 'paresthesia','hand or finger pain', 'ache all over']"
431,Amyotrophic lateral sclerosis ALS,"['weakness', 'leg pain', 'leg weakness', 'fatigue','leg cramps or spasms', 'difficulty in swallowing']"
432,Amyotrophic lateral sclerosis ALS,"['leg cramps or spasms', 'difficulty speaking', 'back pain', 'abnormal involuntary movements', 'leg weakness','weakness', 'muscle weakness']"
433,Amyotrophic lateral sclerosis ALS,"['problems with movement', 'fatigue', 'abnormal involuntary movements', 'difficulty speaking','leg pain', 'weakness']"
434,Amyotrophic lateral sclerosis ALS,"['fatigue', 'weakness', 'abnormal involuntary movements', 'leg cramps or spasms', 'muscle weakness', 'problems with movement','back pain', 'difficulty speaking']"
435,Amyotrophic lateral sclerosis ALS,"['abnormal involuntary movements', 'difficulty speaking', 'difficulty in swallowing', 'hand or finger weakness', 'weakness', 'back pain','leg weakness', 'problems with movement']"
436,Amyotrophic lateral sclerosis ALS,"['weakness', 'abnormal involuntary movements', 'fatigue', 'back pain', 'difficulty in swallowing', 'leg pain','difficulty speaking', 'muscle weakness']"
437,Amyotrophic lateral sclerosis ALS,"['muscle weakness', 'weakness', 'difficulty speaking', 'hand or finger weakness', 'fatigue', 'leg cramps or spasms','problems with movement', 'back pain']"
438,Amyotrophic lateral sclerosis ALS,"['weakness', 'hand or finger weakness', 'back pain', 'leg cramps or spasms', 'difficulty speaking','fatigue', 'muscle weakness']"
440,Amyotrophic lateral sclerosis ALS,"['leg cramps or spasms', 'fatigue', 'muscle weakness', 'hand or finger weakness','problems with movement', 'weakness']"
441,Amyotrophic lateral sclerosis ALS,"['muscle weakness', 'back pain', 'difficulty in swallowing', 'abnormal involuntary movements', 'problems with movement','weakness', 'leg weakness']"
443,Amyotrophic lateral sclerosis ALS,"['leg weakness', 'abnormal involuntary movements', 'leg cramps or spasms', 'weakness', 'difficulty in swallowing', 'problems with movement','hand or finger weakness', 'back pain']"
444,Encephalitis,"['loss of sensation', 'paresthesia', 'headache', 'joint pain','leg weakness', 'fatigue']"
445,Encephalitis,"['leg weakness', 'loss of sensation', 'fatigue', 'dizziness', 'seizures','headache', 'paresthesia']"
446,Encephalitis,"['loss of sensation', 'joint pain', 'dizziness', 'seizures','paresthesia', 'headache']"
450,Encephalitis,"['joint pain', 'headache', 'dizziness', 'leg weakness', 'paresthesia', 'seizures','leg pain', 'loss of sensation']"
451,Encephalitis,"['dizziness', 'disturbance of memory', 'fatigue', 'problems with movement', 'headache', 'leg pain','loss of sensation', 'seizures']"
452,Encephalitis,"['headache', 'dizziness', 'joint pain', 'leg pain', 'fatigue', 'disturbance of memory','seizures', 'insomnia']"
453,Encephalitis,"['insomnia', 'headache', 'loss of sensation', 'disturbance of memory', 'joint pain', 'leg weakness','seizures', 'fatigue']"
454,Encephalitis,"['headache', 'disturbance of memory', 'leg pain', 'leg weakness', 'loss of sensation','joint pain', 'paresthesia']"
455,Encephalitis,"['leg weakness', 'joint pain', 'insomnia', 'disturbance of memory','seizures', 'headache']"
456,Encephalitis,"['insomnia', 'leg pain', 'dizziness', 'fatigue', 'seizures','headache', 'loss of sensation']"
457,Encephalitis,"['headache', 'dizziness', 'leg weakness', 'loss of sensation', 'fatigue', 'leg pain','seizures', 'disturbance of memory']"
459,Carpal tunnel syndrome,"['hand or finger pain', 'elbow pain', 'loss of sensation', 'hand or finger swelling','wrist swelling', 'arm pain']"
461,Carpal tunnel syndrome,"['hand or finger swelling', 'hand or finger pain', 'arm pain', 'paresthesia', 'wrist pain','loss of sensation', 'hand or finger weakness']"
462,Carpal tunnel syndrome,"['paresthesia', 'hand or finger stiffness or tightness', 'wrist pain', 'hand or finger pain','hand or finger weakness', 'loss of sensation']"
463,Carpal tunnel syndrome,"['hand or finger stiffness or tightness', 'loss of sensation', 'paresthesia', 'hand or finger swelling', 'hand or finger weakness', 'wrist pain','arm pain', 'hand or finger pain']"
464,Carpal tunnel syndrome,"['hand or finger pain', 'elbow pain', 'arm pain', 'neck pain', 'loss of sensation', 'paresthesia','hand or finger weakness', 'wrist pain']"
465,Carpal tunnel syndrome,"['loss of sensation', 'wrist pain', 'hand or finger stiffness or tightness', 'paresthesia', 'hand or finger weakness', 'arm pain','hand or finger pain', 'elbow pain']"
466,Carpal tunnel syndrome,"['hand or finger weakness', 'loss of sensation', 'hand or finger pain', 'neck pain', 'wrist swelling', 'arm weakness','wrist pain', 'arm pain']"
467,Carpal tunnel syndrome,"['loss of sensation', 'arm pain', 'paresthesia', 'arm weakness', 'hand or finger pain','wrist swelling', 'neck pain']"
468,Carpal tunnel syndrome,"['arm weakness', 'wrist swelling', 'hand or finger weakness', 'neck pain','wrist pain', 'loss of sensation']"
469,Carpal tunnel syndrome,"['hand or finger stiffness or tightness', 'paresthesia', 'neck pain', 'arm pain', 'wrist pain','loss of sensation', 'hand or finger pain']"
470,Carpal tunnel syndrome,"['loss of sensation', 'wrist pain', 'arm weakness', 'hand or finger pain', 'arm pain', 'paresthesia','elbow pain', 'neck pain']"
471,Extrapyramidal effect of drugs,"['seizures', 'delusions or hallucinations', 'abnormal involuntary movements', 'neck stiffness or tightness','arm stiffness or tightness', 'problems with movement']"
472,Extrapyramidal effect of drugs,"['neck stiffness or tightness', 'seizures', 'cramps and spasms', 'nausea', 'anxiety and nervousness','abnormal involuntary movements', 'delusions or hallucinations']"
473,Extrapyramidal effect of drugs,"['seizures', 'neck stiffness or tightness', 'disturbance of memory', 'anxiety and nervousness','delusions or hallucinations', 'abnormal involuntary movements']"
474,Extrapyramidal effect of drugs,"['restlessness', 'abnormal involuntary movements', 'nausea', 'neck stiffness or tightness', 'delusions or hallucinations', 'disturbance of memory','cramps and spasms', 'anxiety and nervousness']"
475,Extrapyramidal effect of drugs,"['disturbance of memory', 'problems with movement', 'cramps and spasms', 'headache', 'abnormal involuntary movements', 'nausea','seizures', 'anxiety and nervousness']"
476,Extrapyramidal effect of drugs,"['abnormal involuntary movements', 'disturbance of memory', 'neck stiffness or tightness', 'nausea', 'problems with movement', 'headache','seizures', 'restlessness']"
477,Extrapyramidal effect of drugs,"['restlessness', 'abnormal involuntary movements', 'seizures', 'headache', 'neck stiffness or tightness', 'arm stiffness or tightness','anxiety and nervousness', 'cramps and spasms']"
478,Extrapyramidal effect of drugs,"['abnormal involuntary movements', 'problems with movement', 'cramps and spasms', 'arm stiffness or tightness', 'seizures','neck stiffness or tightness', 'restlessness']"
480,Extrapyramidal effect of drugs,"['arm stiffness or tightness', 'neck stiffness or tightness', 'restlessness', 'headache','anxiety and nervousness', 'abnormal involuntary movements']"
481,Extrapyramidal effect of drugs,"['restlessness', 'nausea', 'problems with movement', 'cramps and spasms', 'disturbance of memory','abnormal involuntary movements', 'seizures']"
482,Extrapyramidal effect of drugs,"['abnormal involuntary movements', 'nausea', 'neck stiffness or tightness', 'seizures', 'problems with movement', 'disturbance of memory','headache', 'cramps and spasms']"
483,Essential tremor,"['problems with movement', 'muscle pain', 'abnormal involuntary movements', 'hoarse voice','fears and phobias', 'seizures']"
484,Essential tremor,"['hoarse voice', 'abnormal involuntary movements', 'seizures', 'dizziness', 'headache','problems with movement', 'muscle pain']"
485,Essential tremor,"['problems with movement', 'arm stiffness or tightness', 'headache', 'dizziness','muscle pain', 'abnormal involuntary movements']"
486,Essential tremor,"['hoarse voice', 'abnormal involuntary movements', 'headache', 'arm stiffness or tightness', 'disturbance of memory', 'dizziness','seizures', 'problems with movement']"
487,Essential tremor,"['dizziness', 'muscle pain', 'abnormal involuntary movements', 'loss of sensation', 'seizures', 'headache','disturbance of memory', 'problems with movement']"
488,Essential tremor,"['problems with movement', 'headache', 'painful sinuses', 'dizziness', 'disturbance of memory', 'loss of sensation','abnormal involuntary movements', 'arm stiffness or tightness']"
489,Essential tremor,"['muscle pain', 'abnormal involuntary movements', 'headache', 'loss of sensation', 'hoarse voice', 'fears and phobias','problems with movement', 'seizures']"
490,Essential tremor,"['abnormal involuntary movements', 'loss of sensation', 'dizziness', 'fears and phobias', 'problems with movement','hoarse voice', 'disturbance of memory']"
491,Essential tremor,"['fears and phobias', 'hoarse voice', 'muscle pain', 'loss of sensation','problems with movement', 'abnormal involuntary movements']"
492,Essential tremor,"['painful sinuses', 'headache', 'loss of sensation', 'seizures', 'dizziness','abnormal involuntary movements', 'problems with movement']"
493,Essential tremor,"['abnormal involuntary movements', 'dizziness', 'hoarse voice', 'problems with movement', 'seizures', 'headache','loss of sensation', 'disturbance of memory']"
494,Alzheimer disease,"['depressive or psychotic symptoms', 'restlessness', 'disturbance of memory', 'fears and phobias','eye burns or stings', 'problems with movement']"
495,Alzheimer disease,"['fears and phobias', 'disturbance of memory', 'hostile behavior', 'depression', 'problems with movement','depressive or psychotic symptoms', 'restlessness']"
496,Alzheimer disease,"['problems with movement', 'irregular appearing scalp', 'depressive or psychotic symptoms', 'depression','difficulty speaking', 'disturbance of memory']"
497,Alzheimer disease,"['fears and phobias', 'disturbance of memory', 'depressive or psychotic symptoms', 'irregular appearing scalp', 'delusions or hallucinations', 'hostile behavior','problems with movement', 'depression']"
498,Alzheimer disease,"['disturbance of memory', 'restlessness', 'delusions or hallucinations', 'difficulty speaking', 'problems with movement', 'depression','hostile behavior', 'depressive or psychotic symptoms']"
499,Alzheimer disease,"['problems with movement', 'depressive or psychotic symptoms', 'restlessness', 'depression', 'difficulty speaking', 'hostile behavior','disturbance of memory', 'fears and phobias']"
500,Alzheimer disease,"['difficulty speaking', 'disturbance of memory', 'depression', 'hostile behavior', 'muscle cramps, contractures, or spasms', 'eye burns or stings','depressive or psychotic symptoms', 'delusions or hallucinations']"
501,Alzheimer disease,"['disturbance of memory', 'hostile behavior', 'problems with movement', 'muscle cramps, contractures, or spasms', 'depressive or psychotic symptoms','eye burns or stings', 'delusions or hallucinations']"
502,Alzheimer disease,"['eye burns or stings', 'muscle cramps, contractures, or spasms', 'difficulty speaking', 'hostile behavior','depressive or psychotic symptoms', 'disturbance of memory']"
503,Alzheimer disease,"['irregular appearing scalp', 'depression', 'delusions or hallucinations', 'hostile behavior', 'problems with movement','disturbance of memory', 'depressive or psychotic symptoms']"
504,Alzheimer disease,"['disturbance of memory', 'depression', 'muscle cramps, contractures, or spasms', 'depressive or psychotic symptoms', 'problems with movement', 'hostile behavior','delusions or hallucinations', 'difficulty speaking']"
505,Conjunctivitis due to allergy,"['eye redness', 'diminished vision', 'itchiness of eye', 'cough','sneezing', 'swollen eye']"
508,Conjunctivitis due to allergy,"['cough', 'itchiness of eye', 'swollen eye', 'lacrimation', 'pain in eye','eye redness', 'diminished vision']"
509,Conjunctivitis due to allergy,"['itchiness of eye', 'cough', 'lacrimation', 'pain in eye','diminished vision', 'eye redness']"
510,Conjunctivitis due to allergy,"['allergic reaction', 'eye redness', 'nasal congestion', 'cough', 'diminished vision', 'pain in eye','lacrimation', 'itchiness of eye']"
511,Conjunctivitis due to allergy,"['pain in eye', 'eye burns or stings', 'swollen eye', 'symptoms of eye', 'eye redness', 'nasal congestion','itchiness of eye', 'lacrimation']"
512,Conjunctivitis due to allergy,"['eye redness', 'lacrimation', 'cough', 'nasal congestion', 'eye burns or stings', 'symptoms of eye','pain in eye', 'allergic reaction']"
513,Conjunctivitis due to allergy,"['allergic reaction', 'eye redness', 'itchiness of eye', 'symptoms of eye', 'cough', 'sneezing','pain in eye', 'swollen eye']"
514,Conjunctivitis due to allergy,"['eye redness', 'eye burns or stings', 'nasal congestion', 'sneezing', 'itchiness of eye','cough', 'diminished vision']"
515,Conjunctivitis due to allergy,"['sneezing', 'cough', 'allergic reaction', 'symptoms of eye','pain in eye', 'eye redness']"
516,Conjunctivitis due to allergy,"['allergic reaction', 'nasal congestion', 'lacrimation', 'swollen eye', 'pain in eye','eye redness', 'itchiness of eye']"
517,Conjunctivitis due to allergy,"['itchiness of eye', 'lacrimation', 'cough', 'eye redness', 'swollen eye', 'nasal congestion','pain in eye', 'eye burns or stings']"
518,Ectropion,"['lacrimation', 'swollen eye', 'pain in eye', 'white discharge from eye','itchiness of eye', 'spots or clouds in vision']"
520,Ectropion,"['itchiness of eye', 'pain in eye', 'spots or clouds in vision', 'symptoms of eye', 'abnormal movement of eyelid','lacrimation', 'diminished vision']"
521,Ectropion,"['pain in eye', 'white discharge from eye', 'symptoms of eye', 'abnormal movement of eyelid','diminished vision', 'lacrimation']"
522,Ectropion,"['white discharge from eye', 'lacrimation', 'eye redness', 'itchiness of eye', 'diminished vision', 'spots or clouds in vision','symptoms of eye', 'abnormal movement of eyelid']"
523,Ectropion,"['spots or clouds in vision', 'abnormal movement of eyelid', 'eyelid lesion or rash', 'foreign body sensation in eye', 'lacrimation', 'eye redness','pain in eye', 'symptoms of eye']"
525,Ectropion,"['lacrimation', 'symptoms of eye', 'white discharge from eye', 'spots or clouds in vision', 'eyelid lesion or rash', 'swollen eye','abnormal movement of eyelid', 'diminished vision']"
526,Ectropion,"['diminished vision', 'lacrimation', 'pain in eye', 'foreign body sensation in eye', 'white discharge from eye', 'itchiness of eye','symptoms of eye', 'spots or clouds in vision']"
527,Ectropion,"['lacrimation', 'eyelid lesion or rash', 'eye redness', 'itchiness of eye', 'pain in eye','white discharge from eye', 'diminished vision']"
528,Ectropion,"['itchiness of eye', 'white discharge from eye', 'diminished vision', 'foreign body sensation in eye','symptoms of eye', 'lacrimation']"
530,Ectropion,"['diminished vision', 'eye redness', 'abnormal movement of eyelid', 'spots or clouds in vision', 'symptoms of eye','lacrimation', 'pain in eye']"
531,Ectropion,"['pain in eye', 'symptoms of eye', 'itchiness of eye', 'lacrimation', 'spots or clouds in vision', 'eye redness','foreign body sensation in eye', 'eyelid lesion or rash']"
533,Endophthalmitis,"['eye redness', 'skin lesion', 'pain in eye', 'lacrimation','painful urination', 'itchiness of eye']"
534,Endophthalmitis,"['painful urination', 'eye redness', 'mass on eyelid', 'diminished vision', 'swollen eye','pain in eye', 'foot or toe pain']"
535,Endophthalmitis,"['swollen eye', 'lacrimation', 'diminished vision', 'eye redness','foot or toe pain', 'pain in eye']"
536,Endophthalmitis,"['lacrimation', 'pain in eye', 'diminished vision', 'painful urination', 'foot or toe pain', 'swollen eye','itchiness of eye', 'eye redness']"
537,Endophthalmitis,"['itchiness of eye', 'paresthesia', 'mass on eyelid', 'painful sinuses', 'pain in eye', 'diminished vision','eye redness', 'swollen eye']"
538,Endophthalmitis,"['pain in eye', 'diminished vision', 'lacrimation', 'itchiness of eye', 'paresthesia', 'painful sinuses','eye redness', 'foot or toe pain']"
539,Endophthalmitis,"['foot or toe pain', 'pain in eye', 'eye redness', 'painful sinuses', 'lacrimation', 'painful urination','swollen eye', 'mass on eyelid']"
540,Endophthalmitis,"['pain in eye', 'paresthesia', 'itchiness of eye', 'painful urination', 'eye redness','lacrimation', 'foot or toe pain']"
542,Endophthalmitis,"['painful urination', 'lacrimation', 'foot or toe pain', 'painful sinuses','swollen eye', 'pain in eye']"
543,Endophthalmitis,"['lacrimation', 'diminished vision', 'paresthesia', 'mass on eyelid', 'swollen eye','pain in eye', 'eye redness']"
544,Endophthalmitis,"['pain in eye', 'diminished vision', 'painful urination', 'eye redness', 'itchiness of eye', 'mass on eyelid','swollen eye', 'paresthesia']"
545,Cyst of the eyelid,"['skin growth', 'itchiness of eye', 'mass on eyelid', 'abnormal movement of eyelid','skin rash', 'diminished vision']"
546,Cyst of the eyelid,"['skin rash', 'skin growth', 'diminished vision', 'pain in eye', 'eyelid lesion or rash','mass on eyelid', 'itchiness of eye']"
547,Cyst of the eyelid,"['skin growth', 'skin rash', 'pain in eye', 'eyelid lesion or rash','itchiness of eye', 'mass on eyelid']"
548,Cyst of the eyelid,"['abnormal movement of eyelid', 'mass on eyelid', 'pain in eye', 'skin rash', 'itchiness of eye', 'eyelid lesion or rash','symptoms of eye', 'skin growth']"
549,Cyst of the eyelid,"['eyelid lesion or rash', 'itchiness of eye', 'diminished vision', 'wrinkles on skin', 'mass on eyelid', 'symptoms of eye','skin growth', 'pain in eye']"
550,Cyst of the eyelid,"['mass on eyelid', 'pain in eye', 'skin rash', 'symptoms of eye', 'diminished vision', 'wrinkles on skin','skin growth', 'abnormal movement of eyelid']"
551,Cyst of the eyelid,"['abnormal movement of eyelid', 'mass on eyelid', 'skin growth', 'wrinkles on skin', 'elbow cramps or spasms', 'skin rash','eyelid lesion or rash', 'diminished vision']"
552,Cyst of the eyelid,"['mass on eyelid', 'diminished vision', 'symptoms of eye', 'skin rash', 'skin growth','elbow cramps or spasms', 'itchiness of eye']"
553,Cyst of the eyelid,"['skin rash', 'elbow cramps or spasms', 'abnormal movement of eyelid', 'wrinkles on skin','eyelid lesion or rash', 'mass on eyelid']"
554,Cyst of the eyelid,"['abnormal movement of eyelid', 'symptoms of eye', 'eyelid lesion or rash', 'diminished vision', 'pain in eye','mass on eyelid', 'skin growth']"
555,Cyst of the eyelid,"['mass on eyelid', 'pain in eye', 'skin rash', 'skin growth', 'diminished vision', 'symptoms of eye','eyelid lesion or rash', 'wrinkles on skin']"
556,Chalazion,"['pain in eye', 'itchiness of eye', 'mass on eyelid', 'foreign body sensation in eye','lacrimation', 'eyelid swelling']"
557,Chalazion,"['foreign body sensation in eye', 'pain in eye', 'eyelid swelling', 'eye redness', 'swollen eye','mass on eyelid', 'itchiness of eye']"
558,Chalazion,"['pain in eye', 'foreign body sensation in eye', 'eye redness', 'swollen eye','itchiness of eye', 'mass on eyelid']"
559,Chalazion,"['skin growth', 'mass on eyelid', 'eye redness', 'foreign body sensation in eye', 'itchiness of eye', 'symptoms of eye','eyelid swelling', 'pain in eye']"
560,Chalazion,"['eye redness', 'diminished vision', 'eyelid swelling', 'eyelid lesion or rash', 'mass on eyelid', 'symptoms of eye','pain in eye', 'swollen eye']"
561,Chalazion,"['mass on eyelid', 'eye redness', 'skin growth', 'symptoms of eye', 'diminished vision', 'eyelid lesion or rash','pain in eye', 'itchiness of eye']"
562,Chalazion,"['itchiness of eye', 'mass on eyelid', 'pain in eye', 'eyelid lesion or rash', 'foreign body sensation in eye', 'lacrimation','swollen eye', 'eyelid swelling']"
563,Chalazion,"['mass on eyelid', 'eyelid lesion or rash', 'symptoms of eye', 'lacrimation', 'pain in eye','foreign body sensation in eye', 'itchiness of eye']"
564,Chalazion,"['lacrimation', 'foreign body sensation in eye', 'itchiness of eye', 'eyelid lesion or rash','swollen eye', 'mass on eyelid']"
565,Chalazion,"['skin growth', 'symptoms of eye', 'swollen eye', 'eyelid swelling', 'eye redness','mass on eyelid', 'pain in eye']"
566,Chalazion,"['mass on eyelid', 'eye redness', 'foreign body sensation in eye', 'pain in eye', 'eyelid swelling', 'symptoms of eye','swollen eye', 'eyelid lesion or rash']"
567,Chalazion,"['skin growth', 'diminished vision', 'swollen eye', 'eyelid swelling', 'eye redness', 'symptoms of eye','mass on eyelid', 'itchiness of eye']"
568,Corneal disorder,"['pain in eye', 'itchiness of eye', 'diminished vision', 'swollen eye','eyelid lesion or rash', 'symptoms of eye']"
570,Corneal disorder,"['swollen eye', 'pain in eye', 'symptoms of eye', 'spots or clouds in vision', 'eye redness','diminished vision', 'itchiness of eye']"
571,Corneal disorder,"['spots or clouds in vision', 'swollen eye', 'eye redness', 'pain in eye','itchiness of eye', 'diminished vision']"
572,Corneal disorder,"['white discharge from eye', 'diminished vision', 'eye redness', 'swollen eye', 'itchiness of eye', 'spots or clouds in vision','symptoms of eye', 'pain in eye']"
573,Corneal disorder,"['pain in eye', 'itchiness of eye', 'symptoms of eye', 'lacrimation', 'diminished vision', 'spots or clouds in vision','foreign body sensation in eye', 'eye redness']"
574,Corneal disorder,"['diminished vision', 'eye redness', 'white discharge from eye', 'spots or clouds in vision', 'lacrimation', 'foreign body sensation in eye','pain in eye', 'itchiness of eye']"
575,Corneal disorder,"['itchiness of eye', 'diminished vision', 'pain in eye', 'foreign body sensation in eye', 'double vision', 'eyelid lesion or rash','eye redness', 'symptoms of eye']"
576,Corneal disorder,"['diminished vision', 'foreign body sensation in eye', 'symptoms of eye', 'eyelid lesion or rash', 'pain in eye','double vision', 'itchiness of eye']"
577,Corneal disorder,"['eyelid lesion or rash', 'double vision', 'itchiness of eye', 'foreign body sensation in eye','eye redness', 'diminished vision']"
578,Corneal disorder,"['white discharge from eye', 'spots or clouds in vision', 'symptoms of eye', 'foreign body sensation in eye', 'eye redness','diminished vision', 'pain in eye']"
579,Corneal disorder,"['diminished vision', 'spots or clouds in vision', 'swollen eye', 'pain in eye', 'symptoms of eye', 'eye redness','foreign body sensation in eye', 'lacrimation']"
580,Conductive hearing loss,"['ear pain', 'difficulty speaking', 'diminished hearing', 'hoarse voice','swollen or red tonsils', 'ringing in ear']"
581,Conductive hearing loss,"['hoarse voice', 'diminished hearing', 'ringing in ear', 'redness in ear', 'plugged feeling in ear','ear pain', 'fluid in ear']"
582,Conductive hearing loss,"['ear pain', 'lack of growth', 'plugged feeling in ear', 'redness in ear','fluid in ear', 'diminished hearing']"
583,Conductive hearing loss,"['lack of growth', 'diminished hearing', 'plugged feeling in ear', 'hoarse voice', 'fluid in ear', 'redness in ear','ringing in ear', 'ear pain']"
584,Conductive hearing loss,"['plugged feeling in ear', 'difficulty speaking', 'ringing in ear', 'dizziness', 'diminished hearing', 'redness in ear','fluid in ear', 'ear pain']"
585,Conductive hearing loss,"['diminished hearing', 'plugged feeling in ear', 'difficulty speaking', 'redness in ear', 'ringing in ear', 'dizziness','ear pain', 'fluid in ear']"
586,Conductive hearing loss,"['fluid in ear', 'diminished hearing', 'plugged feeling in ear', 'dizziness', 'low self-esteem', 'swollen or red tonsils','ear pain', 'ringing in ear']"
587,Conductive hearing loss,"['diminished hearing', 'ringing in ear', 'redness in ear', 'swollen or red tonsils', 'ear pain','low self-esteem', 'fluid in ear']"
588,Conductive hearing loss,"['swollen or red tonsils', 'low self-esteem', 'fluid in ear', 'dizziness','ear pain', 'diminished hearing']"
589,Conductive hearing loss,"['difficulty speaking', 'plugged feeling in ear', 'dizziness', 'ringing in ear', 'redness in ear','diminished hearing', 'ear pain']"
590,Conductive hearing loss,"['diminished hearing', 'redness in ear', 'swollen or red tonsils', 'ear pain', 'ringing in ear', 'plugged feeling in ear','fluid in ear', 'dizziness']"
591,Central retinal artery or vein occlusion,"['blindness', 'diminished vision', 'eye deviation','double vision', 'symptoms of eye']"
592,Central retinal artery or vein occlusion,"['spots or clouds in vision', 'symptoms of eye', 'irregular heartbeat', 'blindness','diminished vision', 'double vision']"
593,Central retinal artery or vein occlusion,"['spots or clouds in vision', 'diminished vision', 'irregular heartbeat','blindness', 'pain in eye']"
594,Central retinal artery or vein occlusion,"['irregular heartbeat', 'spots or clouds in vision', 'blindness', 'diminished vision', 'symptoms of eye','double vision', 'pain in eye']"
596,Central retinal artery or vein occlusion,"['blindness', 'symptoms of eye', 'pain in eye', 'diminished vision', 'foreign body sensation in eye','spots or clouds in vision', 'eye deviation']"
597,Central retinal artery or vein occlusion,"['eye deviation', 'spots or clouds in vision', 'blindness', 'symptoms of eye', 'elbow pain','diminished vision', 'pain in eye']"
598,Central retinal artery or vein occlusion,"['eye deviation', 'diminished vision', 'blindness', 'spots or clouds in vision','symptoms of eye', 'foreign body sensation in eye']"
599,Central retinal artery or vein occlusion,"['symptoms of eye', 'diminished vision', 'pain in eye','blindness', 'spots or clouds in vision']"
600,Central retinal artery or vein occlusion,"['eye deviation', 'diminished vision', 'blindness','pain in eye', 'spots or clouds in vision']"
602,Central retinal artery or vein occlusion,"['blindness', 'diminished vision', 'elbow pain', 'foreign body sensation in eye','symptoms of eye', 'spots or clouds in vision']"
603,Central retinal artery or vein occlusion,"['pain in eye', 'diminished vision', 'blindness', 'foreign body sensation in eye', 'symptoms of eye','irregular heartbeat', 'spots or clouds in vision']"
604,Acute glaucoma,"['pain in eye', 'blindness', 'diminished vision', 'double vision','eye burns or stings', 'spots or clouds in vision']"
605,Acute glaucoma,"['double vision', 'diminished vision', 'spots or clouds in vision', 'eye redness', 'symptoms of eye','pain in eye', 'blindness']"
606,Acute glaucoma,"['eye redness', 'lacrimation', 'symptoms of eye', 'pain in eye','blindness', 'diminished vision']"
608,Acute glaucoma,"['lacrimation', 'diminished vision', 'symptoms of eye', 'double vision', 'itchiness of eye', 'eye redness','spots or clouds in vision', 'pain in eye']"
609,Acute glaucoma,"['pain in eye', 'blindness', 'spots or clouds in vision', 'foreign body sensation in eye', 'diminished vision', 'eye redness','itchiness of eye', 'symptoms of eye']"
610,Acute glaucoma,"['lacrimation', 'symptoms of eye', 'pain in eye', 'spots or clouds in vision', 'itchiness of eye','diminished vision', 'eye redness']"
611,Acute glaucoma,"['pain in eye', 'blindness', 'diminished vision', 'symptoms of eye', 'eye redness','itchiness of eye', 'spots or clouds in vision']"
612,Acute glaucoma,"['eye redness', 'pain in eye', 'spots or clouds in vision', 'itchiness of eye','diminished vision', 'blindness']"
613,Acute glaucoma,"['eye burns or stings', 'double vision', 'itchiness of eye', 'foreign body sensation in eye','pain in eye', 'diminished vision']"
614,Acute glaucoma,"['pain in eye', 'diminished vision', 'itchiness of eye', 'foreign body sensation in eye','spots or clouds in vision', 'eye redness']"
615,Acute glaucoma,"['diminished vision', 'symptoms of eye', 'double vision', 'pain in eye', 'spots or clouds in vision', 'eye redness','foreign body sensation in eye', 'itchiness of eye']"
616,Aphakia,"['diminished vision', 'symptoms of eye','mass on eyelid', 'itchiness of eye']"
620,Aphakia,"['spots or clouds in vision', 'symptoms of eye', 'diminished vision','eye redness', 'pain in eye']"
621,Aphakia,"['diminished vision', 'spots or clouds in vision','mass on eyelid', 'pain in eye']"
622,Aphakia,"['eye redness', 'itchiness of eye', 'symptoms of eye', 'eye burns or stings','diminished vision', 'pain in eye']"
623,Aphakia,"['eye redness', 'pain in eye', 'diminished vision', 'eye burns or stings','spots or clouds in vision', 'mass on eyelid']"
624,Aphakia,"['pain in eye', 'eye burns or stings', 'mass on eyelid','diminished vision', 'itchiness of eye']"
625,Aphakia,"['spots or clouds in vision', 'diminished vision', 'eye redness','pain in eye', 'itchiness of eye']"
626,Aphakia,"['eye burns or stings', 'diminished vision','symptoms of eye', 'pain in eye']"
627,Aphakia,"['itchiness of eye', 'symptoms of eye','eye redness', 'pain in eye']"
628,Aphakia,"['pain in eye', 'diminished vision','eye redness', 'symptoms of eye']"
629,Aphakia,"['spots or clouds in vision', 'mass on eyelid', 'diminished vision','eye redness', 'eye burns or stings']"
630,Erythema multiforme,"['fever', 'pain in eye', 'skin rash', 'allergic reaction','difficulty in swallowing', 'vomiting']"
631,Erythema multiforme,"['difficulty in swallowing', 'fever', 'vomiting', 'coryza', 'itching of skin','skin rash', 'pain in eye']"
632,Erythema multiforme,"['fever', 'allergic reaction', 'coryza', 'itching of skin','pain in eye', 'skin rash']"
633,Erythema multiforme,"['allergic reaction', 'skin rash', 'coryza', 'difficulty in swallowing', 'pain in eye', 'skin lesion','vomiting', 'fever']"
634,Erythema multiforme,"['coryza', 'skin pain', 'vomiting', 'mouth ulcer', 'skin rash', 'skin lesion','fever', 'itching of skin']"
636,Erythema multiforme,"['skin rash', 'coryza', 'allergic reaction', 'skin lesion', 'skin pain', 'mouth ulcer','fever', 'fluid retention']"
637,Erythema multiforme,"['fluid retention', 'skin rash', 'fever', 'mouth ulcer', 'allergic reaction', 'difficulty in swallowing','itching of skin', 'vomiting']"
638,Erythema multiforme,"['skin rash', 'mouth ulcer', 'skin lesion', 'difficulty in swallowing', 'fever','allergic reaction', 'pain in eye']"
639,Erythema multiforme,"['difficulty in swallowing', 'allergic reaction', 'fluid retention', 'mouth ulcer','itching of skin', 'skin rash']"
640,Erythema multiforme,"['fluid retention', 'skin lesion', 'itching of skin', 'vomiting', 'coryza','skin rash', 'fever']"
641,Erythema multiforme,"['skin rash', 'coryza', 'difficulty in swallowing', 'fever', 'vomiting', 'skin lesion','itching of skin', 'mouth ulcer']"
642,Erythema multiforme,"['allergic reaction', 'skin pain', 'itching of skin', 'vomiting', 'coryza', 'skin lesion','skin rash', 'pain in eye']"
643,Dyshidrosis,"['skin lesion', 'foot or toe lump or mass', 'skin rash', 'ankle pain','skin on leg or foot looks infected', 'back pain']"
644,Dyshidrosis,"['skin on leg or foot looks infected', 'skin lesion', 'back pain', 'itching of skin', 'skin dryness, peeling, scaliness, or roughness','skin rash', 'foot or toe lump or mass']"
645,Dyshidrosis,"['abnormal appearing skin', 'ankle pain', 'itching of skin', 'skin dryness, peeling, scaliness, or roughness','foot or toe lump or mass', 'skin rash']"
646,Dyshidrosis,"['ankle pain', 'skin rash', 'itching of skin', 'skin on leg or foot looks infected', 'foot or toe lump or mass', 'abnormal appearing skin','back pain', 'skin dryness, peeling, scaliness, or roughness']"
648,Dyshidrosis,"['itching of skin', 'dry or flaky scalp', 'back pain', 'acne or pimples', 'skin rash', 'abnormal appearing skin','skin lesion', 'skin dryness, peeling, scaliness, or roughness']"
650,Dyshidrosis,"['skin rash', 'itching of skin', 'ankle pain', 'abnormal appearing skin', 'dry or flaky scalp', 'acne or pimples','skin lesion', 'frequent urination']"
651,Dyshidrosis,"['frequent urination', 'skin rash', 'skin lesion', 'acne or pimples', 'ankle pain', 'skin on leg or foot looks infected','skin dryness, peeling, scaliness, or roughness', 'back pain']"
653,Dyshidrosis,"['skin rash', 'acne or pimples', 'abnormal appearing skin', 'skin on leg or foot looks infected', 'skin dryness, peeling, scaliness, or roughness','ankle pain', 'foot or toe lump or mass']"
654,Dyshidrosis,"['skin on leg or foot looks infected', 'ankle pain', 'frequent urination', 'acne or pimples','skin dryness, peeling, scaliness, or roughness', 'skin rash']"
655,Dyshidrosis,"['frequent urination', 'abnormal appearing skin', 'skin dryness, peeling, scaliness, or roughness', 'back pain', 'itching of skin','skin rash', 'skin lesion']"
656,Dyshidrosis,"['skin rash', 'abnormal appearing skin', 'skin on leg or foot looks infected', 'skin lesion', 'back pain', 'itching of skin','skin dryness, peeling, scaliness, or roughness', 'acne or pimples']"
657,Actinic keratosis,"['skin lesion', 'itching of skin', 'abnormal appearing skin', 'skin irritation','symptoms of the face', 'skin rash']"
658,Actinic keratosis,"['warts', 'skin lesion', 'skin rash', 'skin growth', 'skin dryness, peeling, scaliness, or roughness','abnormal appearing skin', 'itching of skin']"
659,Actinic keratosis,"['skin growth', 'skin irritation', 'skin dryness, peeling, scaliness, or roughness', 'skin lesion','itching of skin', 'abnormal appearing skin']"
660,Actinic keratosis,"['warts', 'abnormal appearing skin', 'skin dryness, peeling, scaliness, or roughness', 'skin irritation', 'skin swelling', 'skin growth','skin rash', 'skin lesion']"
663,Actinic keratosis,"['skin lesion', 'skin swelling', 'irregular appearing scalp', 'skin moles', 'abnormal appearing skin', 'skin growth','skin rash', 'skin dryness, peeling, scaliness, or roughness']"
664,Actinic keratosis,"['abnormal appearing skin', 'skin dryness, peeling, scaliness, or roughness', 'skin irritation', 'skin growth', 'skin swelling', 'skin moles','skin lesion', 'itching of skin']"
666,Actinic keratosis,"['itching of skin', 'abnormal appearing skin', 'skin lesion', 'skin moles', 'warts', 'symptoms of the face','skin dryness, peeling, scaliness, or roughness', 'irregular appearing scalp']"
667,Actinic keratosis,"['abnormal appearing skin', 'irregular appearing scalp', 'skin rash', 'symptoms of the face', 'skin lesion','warts', 'skin swelling']"
669,Actinic keratosis,"['symptoms of the face', 'warts', 'itching of skin', 'skin moles','skin dryness, peeling, scaliness, or roughness', 'abnormal appearing skin']"
670,Actinic keratosis,"['itching of skin', 'skin growth', 'skin rash', 'irregular appearing scalp', 'skin dryness, peeling, scaliness, or roughness','abnormal appearing skin', 'skin lesion']"
671,Actinic keratosis,"['abnormal appearing skin', 'skin dryness, peeling, scaliness, or roughness', 'warts', 'skin lesion', 'skin rash', 'irregular appearing scalp','skin growth', 'skin moles']"
672,Dermatitis due to sun exposure,"['skin lesion', 'skin swelling', 'abnormal appearing skin', 'itchy scalp','lack of growth', 'skin dryness, peeling, scaliness, or roughness']"
673,Dermatitis due to sun exposure,"['itchy scalp', 'skin lesion', 'skin dryness, peeling, scaliness, or roughness', 'skin moles', 'skin rash','abnormal appearing skin', 'skin swelling']"
674,Dermatitis due to sun exposure,"['skin lesion', 'symptoms of the face', 'skin rash', 'skin moles','skin swelling', 'abnormal appearing skin']"
675,Dermatitis due to sun exposure,"['symptoms of the face', 'abnormal appearing skin', 'skin moles', 'itchy scalp', 'skin growth', 'skin rash','skin dryness, peeling, scaliness, or roughness', 'skin lesion']"
676,Dermatitis due to sun exposure,"['skin lesion', 'skin growth', 'irregular appearing scalp', 'acne or pimples', 'abnormal appearing skin', 'skin moles','skin dryness, peeling, scaliness, or roughness', 'skin rash']"
677,Dermatitis due to sun exposure,"['abnormal appearing skin', 'skin rash', 'symptoms of the face', 'skin moles', 'skin growth', 'irregular appearing scalp','skin lesion', 'skin swelling']"
678,Dermatitis due to sun exposure,"['skin swelling', 'abnormal appearing skin', 'skin lesion', 'acne or pimples', 'itchy scalp', 'lack of growth','skin rash', 'irregular appearing scalp']"
679,Dermatitis due to sun exposure,"['abnormal appearing skin', 'irregular appearing scalp', 'skin dryness, peeling, scaliness, or roughness', 'lack of growth', 'skin lesion','itchy scalp', 'skin growth']"
680,Dermatitis due to sun exposure,"['lack of growth', 'itchy scalp', 'skin swelling', 'acne or pimples','skin rash', 'abnormal appearing skin']"
682,Dermatitis due to sun exposure,"['symptoms of the face', 'skin moles', 'skin dryness, peeling, scaliness, or roughness', 'irregular appearing scalp', 'skin rash','abnormal appearing skin', 'skin lesion']"
683,Dermatitis due to sun exposure,"['abnormal appearing skin', 'skin moles', 'itchy scalp', 'skin lesion', 'skin dryness, peeling, scaliness, or roughness', 'skin rash','skin growth', 'acne or pimples']"
684,Eczema,"['itching of skin', 'skin swelling', 'skin rash', 'skin irritation','warts', 'skin lesion']"
685,Eczema,"['skin irritation', 'itching of skin', 'skin lesion', 'skin dryness, peeling, scaliness, or roughness', 'abnormal appearing skin','skin rash', 'acne or pimples']"
686,Eczema,"['itching of skin', 'irregular appearing scalp', 'abnormal appearing skin', 'skin dryness, peeling, scaliness, or roughness','acne or pimples', 'skin rash']"
687,Eczema,"['irregular appearing scalp', 'skin rash', 'skin dryness, peeling, scaliness, or roughness', 'skin irritation', 'acne or pimples', 'abnormal appearing skin','skin lesion', 'itching of skin']"
688,Eczema,"['itching of skin', 'acne or pimples', 'skin lesion', 'allergic reaction', 'skin rash', 'skin dryness, peeling, scaliness, or roughness','cough', 'abnormal appearing skin']"
689,Eczema,"['skin rash', 'abnormal appearing skin', 'irregular appearing scalp', 'skin dryness, peeling, scaliness, or roughness', 'allergic reaction', 'cough','itching of skin', 'skin swelling']"
690,Eczema,"['acne or pimples', 'skin rash', 'itching of skin', 'allergic reaction', 'skin irritation', 'warts','abnormal appearing skin', 'cough']"
692,Eczema,"['skin rash', 'cough', 'skin lesion', 'warts', 'itching of skin','skin irritation', 'acne or pimples']"
694,Eczema,"['warts', 'skin irritation', 'acne or pimples', 'allergic reaction','abnormal appearing skin', 'skin rash']"
695,Eczema,"['skin swelling', 'skin dryness, peeling, scaliness, or roughness', 'cough', 'skin lesion', 'abnormal appearing skin','skin rash', 'itching of skin']"
697,Eczema,"['skin rash', 'skin dryness, peeling, scaliness, or roughness', 'skin irritation', 'itching of skin', 'skin lesion', 'abnormal appearing skin','cough', 'allergic reaction']"
699,Contact dermatitis,"['itching of skin', 'skin irritation', 'skin rash', 'diaper rash','skin moles', 'skin dryness, peeling, scaliness, or roughness']"
700,Contact dermatitis,"['diaper rash', 'skin rash', 'skin dryness, peeling, scaliness, or roughness', 'skin lesion', 'abnormal appearing skin','itching of skin', 'skin irritation']"
702,Contact dermatitis,"['abnormal appearing skin', 'swollen eye', 'itching of skin', 'skin lesion','acne or pimples', 'skin rash']"
703,Contact dermatitis,"['diaper rash', 'skin rash', 'abnormal appearing skin', 'swollen eye', 'acne or pimples', 'skin lesion','skin dryness, peeling, scaliness, or roughness', 'itching of skin']"
704,Contact dermatitis,"['skin lesion', 'acne or pimples', 'skin dryness, peeling, scaliness, or roughness', 'allergic reaction', 'skin rash', 'abnormal appearing skin','skin swelling', 'itching of skin']"
705,Contact dermatitis,"['abnormal appearing skin', 'itching of skin', 'skin irritation', 'skin lesion', 'skin swelling', 'allergic reaction','skin rash', 'swollen eye']"
706,Contact dermatitis,"['acne or pimples', 'skin rash', 'abnormal appearing skin', 'allergic reaction', 'diaper rash', 'skin moles','itching of skin', 'skin dryness, peeling, scaliness, or roughness']"
708,Contact dermatitis,"['skin rash', 'skin dryness, peeling, scaliness, or roughness', 'allergic reaction', 'skin moles', 'itching of skin','diaper rash', 'acne or pimples']"
709,Contact dermatitis,"['skin moles', 'diaper rash', 'acne or pimples', 'allergic reaction','itching of skin', 'skin rash']"
710,Contact dermatitis,"['skin irritation', 'abnormal appearing skin', 'allergic reaction', 'skin dryness, peeling, scaliness, or roughness', 'skin lesion','skin rash', 'itching of skin']"
711,Contact dermatitis,"['skin rash', 'abnormal appearing skin', 'diaper rash', 'itching of skin', 'skin dryness, peeling, scaliness, or roughness', 'skin lesion','acne or pimples', 'skin swelling']"
712,Contact dermatitis,"['swollen eye', 'allergic reaction', 'skin lesion', 'skin dryness, peeling, scaliness, or roughness', 'itching of skin', 'skin swelling','skin rash', 'acne or pimples']"
713,Diaper rash,"['fever', 'skin swelling', 'diarrhea', 'pulling at ears','skin irritation', 'skin rash']"
714,Diaper rash,"['pulling at ears', 'fever', 'skin rash', 'nasal congestion', 'cough','diarrhea', 'skin swelling']"
715,Diaper rash,"['fever', 'infant spitting up', 'cough', 'nasal congestion','suprapubic pain', 'diarrhea']"
716,Diaper rash,"['infant spitting up', 'diarrhea', 'nasal congestion', 'pulling at ears', 'suprapubic pain', 'cough','skin rash', 'fever']"
717,Diaper rash,"['skin rash', 'suprapubic pain', 'fever', 'itching of skin', 'diarrhea', 'nasal congestion','irritable infant', 'cough']"
718,Diaper rash,"['diarrhea', 'cough', 'infant spitting up', 'nasal congestion', 'itching of skin', 'irritable infant','fever', 'skin swelling']"
719,Diaper rash,"['skin swelling', 'diarrhea', 'fever', 'itching of skin', 'pulling at ears', 'skin irritation','cough', 'skin rash']"
720,Diaper rash,"['diarrhea', 'irritable infant', 'skin rash', 'skin irritation', 'fever','pulling at ears', 'suprapubic pain']"
721,Diaper rash,"['skin irritation', 'pulling at ears', 'skin swelling', 'itching of skin','cough', 'diarrhea']"
723,Diaper rash,"['infant spitting up', 'nasal congestion', 'itching of skin', 'skin rash', 'cough','diarrhea', 'fever']"
724,Diaper rash,"['diarrhea', 'nasal congestion', 'pulling at ears', 'fever', 'skin rash', 'cough','suprapubic pain', 'itching of skin']"
725,Acne,"['skin rash', 'skin dryness, peeling, scaliness, or roughness', 'acne or pimples', 'irregular appearing scalp','long menstrual periods', 'skin swelling']"
726,Acne,"['nose deformity', 'acne or pimples', 'skin swelling', 'skin moles', 'abnormal appearing skin','skin rash', 'skin dryness, peeling, scaliness, or roughness']"
727,Acne,"['abnormal appearing skin', 'irregular appearing scalp', 'skin rash', 'skin moles','skin dryness, peeling, scaliness, or roughness', 'acne or pimples']"
728,Acne,"['nose deformity', 'acne or pimples', 'skin rash', 'irregular appearing scalp', 'warts', 'skin moles','skin swelling', 'abnormal appearing skin']"
729,Acne,"['acne or pimples', 'skin dryness, peeling, scaliness, or roughness', 'skin growth', 'warts', 'skin moles', 'abnormal appearing skin','skin swelling', 'skin rash']"
730,Acne,"['skin moles', 'skin rash', 'skin dryness, peeling, scaliness, or roughness', 'abnormal appearing skin', 'warts', 'skin swelling','acne or pimples', 'irregular appearing scalp']"
732,Acne,"['skin dryness, peeling, scaliness, or roughness', 'acne or pimples', 'abnormal appearing skin', 'skin growth', 'nose deformity', 'long menstrual periods','skin rash', 'skin swelling']"
733,Acne,"['acne or pimples', 'skin swelling', 'skin growth', 'long menstrual periods', 'skin rash','nose deformity', 'warts']"
734,Acne,"['long menstrual periods', 'nose deformity', 'skin dryness, peeling, scaliness, or roughness', 'skin growth','skin rash', 'acne or pimples']"
735,Acne,"['too little hair', 'skin rash', 'skin growth', 'skin swelling', 'skin moles','acne or pimples', 'abnormal appearing skin']"
736,Acne,"['acne or pimples', 'abnormal appearing skin', 'nose deformity', 'skin rash', 'skin swelling', 'skin moles','skin growth', 'warts']"
737,Acanthosis nigricans,"['skin lesion', 'unwanted hair', 'weight gain', 'apnea','warts', 'skin growth']"
738,Acanthosis nigricans,"['warts', 'weight gain', 'skin growth', 'acne or pimples', 'allergic reaction','skin lesion', 'fluid retention']"
739,Acanthosis nigricans,"['infertility', 'apnea', 'skin lesion', 'acne or pimples','fluid retention', 'weight gain']"
741,Acanthosis nigricans,"['apnea', 'weight gain', 'allergic reaction', 'warts', 'unwanted hair', 'acne or pimples','infertility', 'skin lesion']"
742,Acanthosis nigricans,"['acne or pimples', 'skin growth', 'infertility', 'pain or soreness of breast', 'weight gain', 'allergic reaction','skin moles', 'skin lesion']"
743,Acanthosis nigricans,"['skin lesion', 'allergic reaction', 'apnea', 'acne or pimples', 'skin moles', 'pain or soreness of breast','weight gain', 'fluid retention']"
745,Acanthosis nigricans,"['fluid retention', 'weight gain', 'allergic reaction', 'skin moles', 'apnea', 'warts','skin lesion', 'skin growth']"
746,Acanthosis nigricans,"['weight gain', 'pain or soreness of breast', 'infertility', 'warts', 'skin lesion','apnea', 'fluid retention']"
747,Acanthosis nigricans,"['warts', 'apnea', 'fluid retention', 'skin moles','skin lesion', 'weight gain']"
748,Acanthosis nigricans,"['fluid retention', 'allergic reaction', 'acne or pimples', 'skin growth', 'infertility','weight gain', 'skin lesion']"
749,Acanthosis nigricans,"['weight gain', 'acne or pimples', 'warts', 'skin lesion', 'skin growth', 'infertility','skin moles', 'pain or soreness of breast']"
750,Acanthosis nigricans,"['apnea', 'pain or soreness of breast', 'infertility', 'skin moles', 'skin lesion', 'skin growth','weight gain', 'fluid retention']"
751,Decubitus ulcer,"['skin lesion', 'difficulty speaking','disturbance of smell or taste', 'skin on leg or foot looks infected']"
752,Decubitus ulcer,"['skin pain', 'skin on leg or foot looks infected', 'skin lesion','difficulty speaking']"
753,Decubitus ulcer,"['skin lesion', 'incontinence of stool','disturbance of smell or taste', 'difficulty speaking']"
754,Decubitus ulcer,"['disturbance of smell or taste', 'difficulty speaking', 'skin on leg or foot looks infected','skin lesion', 'penis redness']"
756,Decubitus ulcer,"['skin pain', 'disturbance of smell or taste', 'skin on leg or foot looks infected','difficulty speaking', 'skin lesion']"
757,Decubitus ulcer,"['skin lesion', 'skin on leg or foot looks infected', 'disturbance of smell or taste','difficulty speaking', 'incontinence of stool']"
758,Decubitus ulcer,"['skin lesion', 'difficulty speaking', 'skin pain','skin on leg or foot looks infected']"
759,Decubitus ulcer,"['skin on leg or foot looks infected', 'incontinence of stool','difficulty speaking', 'skin lesion']"
761,Decubitus ulcer,"['penis redness', 'skin lesion','skin on leg or foot looks infected', 'difficulty speaking']"
762,Decubitus ulcer,"['skin pain', 'difficulty speaking','skin lesion', 'skin on leg or foot looks infected']"
763,Decubitus ulcer,"['difficulty speaking', 'disturbance of smell or taste', 'skin on leg or foot looks infected','skin lesion', 'penis redness']"
764,Fibromyalgia,"['back pain', 'sharp chest pain', 'ache all over', 'hip pain','fatigue', 'shoulder pain']"
765,Fibromyalgia,"['hip pain', 'neck pain', 'headache', 'leg pain', 'ache all over','back pain', 'sharp chest pain']"
766,Fibromyalgia,"['muscle pain', 'hip pain', 'leg pain', 'neck pain','sharp chest pain', 'back pain']"
767,Fibromyalgia,"['hip pain', 'back pain', 'leg pain', 'fatigue', 'arm pain', 'muscle pain','headache', 'neck pain']"
769,Fibromyalgia,"['leg pain', 'neck pain', 'shoulder pain', 'low back pain', 'back pain', 'headache','ache all over', 'muscle pain']"
770,Fibromyalgia,"['back pain', 'leg pain', 'hip pain', 'headache', 'shoulder pain', 'low back pain','neck pain', 'arm pain']"
771,Fibromyalgia,"['arm pain', 'back pain', 'ache all over', 'low back pain', 'hip pain', 'fatigue','muscle pain', 'headache']"
772,Fibromyalgia,"['back pain', 'shoulder pain', 'leg pain', 'fatigue', 'neck pain','hip pain', 'sharp chest pain']"
773,Fibromyalgia,"['fatigue', 'hip pain', 'arm pain', 'low back pain','muscle pain', 'back pain']"
774,Fibromyalgia,"['arm pain', 'headache', 'neck pain', 'leg pain', 'muscle pain','back pain', 'ache all over']"
775,Fibromyalgia,"['ache all over', 'leg pain', 'hip pain', 'back pain', 'shoulder pain', 'muscle pain','low back pain', 'headache']"
776,Connective tissue disorder,"['fatigue', 'headache', 'skin rash', 'lymphedema','difficulty in swallowing', 'paresthesia']"
777,Connective tissue disorder,"['difficulty in swallowing', 'fatigue', 'paresthesia', 'fever', 'joint pain','skin rash', 'headache']"
778,Connective tissue disorder,"['fatigue', 'lymphedema', 'feeling ill', 'foot or toe pain','headache', 'joint pain']"
780,Connective tissue disorder,"['lymphedema', 'joint pain', 'feeling ill', 'difficulty in swallowing', 'headache', 'fever','paresthesia', 'fatigue']"
781,Connective tissue disorder,"['paresthesia', 'skin rash', 'ache all over', 'arm pain', 'joint pain', 'feeling ill','fatigue', 'fever']"
782,Connective tissue disorder,"['joint pain', 'feeling ill', 'lymphedema', 'paresthesia', 'fever', 'arm pain','foot or toe pain', 'headache']"
783,Connective tissue disorder,"['headache', 'joint pain', 'fatigue', 'ache all over', 'lymphedema', 'difficulty in swallowing','fever', 'feeling ill']"
784,Connective tissue disorder,"['joint pain', 'ache all over', 'feeling ill', 'difficulty in swallowing', 'fatigue','lymphedema', 'headache']"
785,Connective tissue disorder,"['difficulty in swallowing', 'lymphedema', 'headache', 'ache all over','fever', 'joint pain']"
786,Connective tissue disorder,"['headache', 'feeling ill', 'paresthesia', 'fever', 'foot or toe pain','joint pain', 'skin rash']"
788,Connective tissue disorder,"['skin rash', 'feeling ill', 'lymphedema', 'joint pain', 'paresthesia', 'foot or toe pain','ache all over', 'fever']"
789,Ganglion cyst,"['leg pain', 'knee lump or mass', 'knee pain', 'knee swelling','wrist swelling', 'hand or finger lump or mass']"
790,Ganglion cyst,"['knee swelling', 'leg pain', 'hand or finger lump or mass', 'skin growth', 'wrist pain','knee pain', 'knee lump or mass']"
791,Ganglion cyst,"['leg pain', 'knee swelling', 'skin growth', 'wrist pain','knee lump or mass', 'knee pain']"
792,Ganglion cyst,"['leg swelling', 'knee pain', 'skin growth', 'knee swelling', 'knee lump or mass', 'wrist lump or mass','hand or finger lump or mass', 'wrist pain']"
793,Ganglion cyst,"['skin growth', 'foot or toe pain', 'hand or finger lump or mass', 'hand or finger pain', 'knee pain', 'wrist lump or mass','leg pain', 'wrist pain']"
794,Ganglion cyst,"['knee pain', 'skin growth', 'leg swelling', 'wrist lump or mass', 'hand or finger lump or mass', 'hand or finger pain','wrist pain', 'knee lump or mass']"
795,Ganglion cyst,"['knee lump or mass', 'knee pain', 'leg pain', 'hand or finger pain', 'knee swelling', 'wrist swelling','wrist pain', 'hand or finger lump or mass']"
796,Ganglion cyst,"['knee pain', 'hand or finger lump or mass', 'wrist lump or mass', 'wrist swelling', 'leg pain','knee swelling', 'foot or toe pain']"
798,Ganglion cyst,"['wrist swelling', 'knee swelling', 'knee lump or mass', 'hand or finger pain','wrist pain', 'knee pain']"
799,Ganglion cyst,"['leg swelling', 'skin growth', 'wrist lump or mass', 'hand or finger lump or mass', 'wrist pain','knee pain', 'leg pain']"
800,Ganglion cyst,"['knee pain', 'skin growth', 'knee swelling', 'leg pain', 'hand or finger lump or mass', 'wrist lump or mass','foot or toe pain', 'wrist pain']"
801,Ankylosing spondylitis,"['low back pain', 'joint pain', 'back pain', 'rib pain','stiffness all over', 'leg pain']"
802,Ankylosing spondylitis,"['rib pain', 'low back pain', 'knee pain', 'leg pain', 'hip pain','back pain', 'lower body pain']"
803,Ankylosing spondylitis,"['leg pain', 'paresthesia', 'hip pain', 'low back pain','lower body pain', 'back pain']"
806,Ankylosing spondylitis,"['paresthesia', 'back pain', 'leg pain', 'rib pain', 'lower body pain', 'knee pain','hip pain', 'low back pain']"
807,Ankylosing spondylitis,"['low back pain', 'lower body pain', 'ache all over', 'elbow pain', 'back pain', 'leg pain','knee pain', 'hip pain']"
808,Ankylosing spondylitis,"['back pain', 'hip pain', 'paresthesia', 'leg pain', 'lower body pain', 'ache all over','low back pain', 'joint pain']"
809,Ankylosing spondylitis,"['lower body pain', 'back pain', 'low back pain', 'ache all over', 'rib pain', 'stiffness all over','hip pain', 'knee pain']"
811,Ankylosing spondylitis,"['back pain', 'knee pain', 'leg pain', 'stiffness all over', 'low back pain','rib pain', 'lower body pain']"
812,Ankylosing spondylitis,"['stiffness all over', 'rib pain', 'lower body pain', 'ache all over','hip pain', 'back pain']"
813,Ankylosing spondylitis,"['paresthesia', 'leg pain', 'knee pain', 'ache all over', 'hip pain','back pain', 'low back pain']"
814,Ankylosing spondylitis,"['back pain', 'hip pain', 'rib pain', 'low back pain', 'leg pain', 'ache all over','knee pain', 'elbow pain']"
815,De Quervain disease,"['hand or finger pain', 'wrist pain', 'abnormal involuntary movements','lower body pain', 'wrist swelling']"
816,De Quervain disease,"['wrist swelling', 'arm pain', 'wrist stiffness or tightness', 'hand or finger pain','wrist pain', 'lower body pain']"
817,De Quervain disease,"['shoulder pain', 'wrist pain', 'abnormal involuntary movements','hand or finger pain', 'hand or finger swelling']"
818,De Quervain disease,"['wrist stiffness or tightness', 'shoulder pain', 'hand or finger pain', 'wrist pain', 'wrist swelling','lower body pain', 'arm pain']"
819,De Quervain disease,"['hand or finger pain', 'wrist swelling', 'arm pain', 'wrist pain', 'hand or finger swelling','shoulder pain', 'abnormal involuntary movements']"
821,De Quervain disease,"['abnormal involuntary movements', 'shoulder pain', 'hand or finger pain', 'wrist swelling', 'peripheral edema','wrist pain', 'arm pain']"
823,De Quervain disease,"['abnormal involuntary movements', 'wrist pain', 'hand or finger pain', 'shoulder pain','wrist swelling', 'hand or finger swelling']"
824,De Quervain disease,"['wrist swelling', 'wrist pain', 'arm pain','hand or finger pain', 'shoulder pain']"
825,De Quervain disease,"['abnormal involuntary movements', 'wrist pain', 'hand or finger pain','arm pain', 'shoulder pain']"
826,De Quervain disease,"['hand or finger pain', 'wrist pain', 'peripheral edema', 'hand or finger swelling','wrist swelling', 'shoulder pain']"
827,De Quervain disease,"['hand or finger swelling', 'hand or finger pain', 'wrist swelling', 'shoulder pain', 'arm pain','abnormal involuntary movements', 'wrist pain']"
828,De Quervain disease,"['wrist swelling', 'shoulder pain', 'lower body pain', 'wrist pain', 'hand or finger swelling','wrist stiffness or tightness', 'hand or finger pain']"
829,Chronic back pain,"['low back pain', 'lower body pain', 'back pain', 'back cramps or spasms','leg weakness', 'neck pain']"
830,Chronic back pain,"['back cramps or spasms', 'back pain', 'hip pain', 'leg pain', 'neck pain','low back pain', 'lower body pain']"
831,Chronic back pain,"['neck pain', 'groin pain', 'leg pain', 'low back pain','lower body pain', 'back pain']"
832,Chronic back pain,"['lower body pain', 'back pain', 'leg pain', 'groin pain', 'side pain', 'low back pain','neck pain', 'hip pain']"
833,Chronic back pain,"['neck pain', 'lower body pain', 'hip pain', 'loss of sensation', 'back pain', 'leg pain','side pain', 'low back pain']"
834,Chronic back pain,"['neck pain', 'leg pain', 'lower body pain', 'low back pain', 'side pain', 'hip pain','back pain', 'groin pain']"
835,Chronic back pain,"['side pain', 'back pain', 'leg pain', 'loss of sensation', 'back stiffness or tightness', 'leg weakness','low back pain', 'hip pain']"
837,Chronic back pain,"['back pain', 'hip pain', 'neck pain', 'leg weakness', 'low back pain','back stiffness or tightness', 'side pain']"
838,Chronic back pain,"['leg weakness', 'back stiffness or tightness', 'side pain', 'loss of sensation','low back pain', 'back pain']"
839,Chronic back pain,"['lower body pain', 'leg pain', 'loss of sensation', 'hip pain', 'neck pain','back pain', 'low back pain']"
840,Chronic back pain,"['back pain', 'leg pain', 'back cramps or spasms', 'low back pain', 'neck pain', 'loss of sensation','hip pain', 'side pain']"
841,Gout,"['knee pain', 'ankle swelling', 'foot or toe pain', 'leg swelling','wrist swelling', 'wrist pain']"
842,Gout,"['leg swelling', 'knee pain', 'wrist pain', 'ankle pain', 'foot or toe swelling','foot or toe pain', 'ankle swelling']"
843,Gout,"['knee pain', 'knee swelling', 'foot or toe swelling', 'ankle pain','joint pain', 'foot or toe pain']"
844,Gout,"['knee swelling', 'foot or toe pain', 'ankle pain', 'leg swelling', 'joint pain', 'foot or toe swelling','wrist pain', 'knee pain']"
846,Gout,"['knee pain', 'joint pain', 'hand or finger pain', 'hand or finger swelling', 'foot or toe pain', 'ankle pain','wrist pain', 'foot or toe swelling']"
847,Gout,"['foot or toe pain', 'foot or toe swelling', 'knee swelling', 'ankle pain', 'hand or finger swelling', 'hand or finger pain','knee pain', 'ankle swelling']"
848,Gout,"['ankle swelling', 'foot or toe pain', 'knee pain', 'hand or finger pain', 'leg swelling', 'wrist swelling','foot or toe swelling', 'wrist pain']"
849,Gout,"['foot or toe pain', 'hand or finger pain', 'wrist pain', 'wrist swelling', 'knee pain','leg swelling', 'joint pain']"
850,Gout,"['wrist swelling', 'leg swelling', 'ankle swelling', 'hand or finger pain','foot or toe swelling', 'foot or toe pain']"
852,Gout,"['knee swelling', 'ankle pain', 'hand or finger pain', 'wrist pain', 'foot or toe swelling','foot or toe pain', 'knee pain']"
853,Gout,"['foot or toe pain', 'ankle pain', 'leg swelling', 'knee pain', 'wrist pain', 'foot or toe swelling','hand or finger pain', 'hand or finger swelling']"
854,Flat feet,"['knee pain', 'skin swelling', 'foot or toe pain', 'skin growth','retention of urine', 'feet turned in']"
858,Flat feet,"['retention of urine', 'foot or toe pain', 'feet turned in', 'problems with movement', 'ankle pain','knee pain', 'weight gain']"
859,Flat feet,"['knee pain', 'skin growth', 'ankle pain', 'problems with movement','skin swelling', 'foot or toe pain']"
860,Flat feet,"['skin growth', 'foot or toe pain', 'problems with movement', 'retention of urine', 'skin swelling', 'ankle pain','cramps and spasms', 'knee pain']"
861,Flat feet,"['knee pain', 'foot or toe stiffness or tightness', 'feet turned in', 'symptoms of eye', 'foot or toe pain', 'problems with movement','cramps and spasms', 'ankle pain']"
862,Flat feet,"['foot or toe pain', 'ankle pain', 'skin growth', 'cramps and spasms', 'foot or toe stiffness or tightness', 'symptoms of eye','knee pain', 'weight gain']"
863,Flat feet,"['weight gain', 'foot or toe pain', 'knee pain', 'foot or toe stiffness or tightness', 'skin growth', 'retention of urine','ankle pain', 'feet turned in']"
864,Flat feet,"['foot or toe pain', 'symptoms of eye', 'cramps and spasms', 'retention of urine', 'knee pain','skin growth', 'weight gain']"
865,Flat feet,"['retention of urine', 'skin growth', 'weight gain', 'foot or toe stiffness or tightness','ankle pain', 'foot or toe pain']"
866,Flat feet,"['skin growth', 'problems with movement', 'cramps and spasms', 'feet turned in', 'ankle pain','foot or toe pain', 'knee pain']"
867,Flat feet,"['foot or toe pain', 'problems with movement', 'retention of urine', 'knee pain', 'feet turned in', 'cramps and spasms','ankle pain', 'symptoms of eye']"
868,Adhesive capsulitis of the shoulder,"['shoulder stiffness or tightness', 'shoulder swelling', 'shoulder pain', 'muscle pain','ankle stiffness or tightness', 'ache all over']"
869,Adhesive capsulitis of the shoulder,"['ankle stiffness or tightness', 'shoulder pain', 'elbow pain', 'ache all over', 'neck pain','shoulder stiffness or tightness', 'shoulder swelling']"
872,Adhesive capsulitis of the shoulder,"['ache all over', 'muscle pain', 'shoulder stiffness or tightness', 'neck pain','shoulder swelling', 'shoulder pain']"
873,Adhesive capsulitis of the shoulder,"['stiffness all over', 'shoulder pain', 'neck pain', 'muscle pain', 'skin on arm or hand looks infected', 'elbow pain','ache all over', 'shoulder stiffness or tightness']"
874,Adhesive capsulitis of the shoulder,"['ache all over', 'shoulder swelling', 'shoulder pain', 'elbow pain', 'arm pain', 'neck pain','skin on arm or hand looks infected', 'shoulder stiffness or tightness']"
875,Adhesive capsulitis of the shoulder,"['muscle pain', 'shoulder stiffness or tightness', 'neck pain', 'ache all over', 'skin on arm or hand looks infected','shoulder pain', 'elbow pain']"
876,Adhesive capsulitis of the shoulder,"['shoulder stiffness or tightness', 'shoulder swelling', 'shoulder pain', 'ache all over', 'neck pain','skin on arm or hand looks infected', 'arm pain']"
878,Adhesive capsulitis of the shoulder,"['neck pain', 'shoulder stiffness or tightness', 'arm pain', 'skin on arm or hand looks infected','shoulder pain', 'shoulder swelling']"
879,Adhesive capsulitis of the shoulder,"['ankle stiffness or tightness', 'muscle pain', 'shoulder swelling', 'arm pain','shoulder stiffness or tightness', 'shoulder pain']"
880,Adhesive capsulitis of the shoulder,"['shoulder stiffness or tightness', 'shoulder pain', 'skin on arm or hand looks infected', 'arm pain','ache all over', 'neck pain']"
881,Adhesive capsulitis of the shoulder,"['shoulder pain', 'neck pain', 'ankle stiffness or tightness', 'shoulder stiffness or tightness', 'ache all over', 'arm pain','shoulder swelling', 'elbow pain']"
882,Adhesive capsulitis of the shoulder,"['ache all over', 'neck pain', 'muscle pain', 'shoulder pain', 'arm pain','shoulder swelling', 'shoulder stiffness or tightness']"
883,Chondromalacia of the patella,"['leg pain', 'knee pain', 'elbow pain','bones are painful', 'problems with movement']"
884,Chondromalacia of the patella,"['problems with movement', 'knee stiffness or tightness', 'elbow pain', 'leg pain','knee pain', 'bones are painful']"
886,Chondromalacia of the patella,"['knee swelling', 'leg pain', 'elbow pain','knee pain', 'problems with movement']"
887,Chondromalacia of the patella,"['problems with movement', 'knee stiffness or tightness', 'leg pain', 'elbow pain','knee pain', 'knee swelling']"
889,Chondromalacia of the patella,"['problems with movement', 'leg pain', 'knee pain', 'bones are painful','knee weakness', 'elbow pain']"
890,Chondromalacia of the patella,"['elbow pain', 'knee pain', 'knee weakness', 'leg pain','problems with movement', 'knee stiffness or tightness']"
892,Chondromalacia of the patella,"['elbow pain', 'knee pain', 'leg pain', 'knee swelling','knee stiffness or tightness', 'knee weakness']"
893,Chondromalacia of the patella,"['knee stiffness or tightness', 'knee pain', 'problems with movement','knee swelling', 'leg pain']"
894,Chondromalacia of the patella,"['elbow pain', 'knee pain', 'knee swelling','problems with movement', 'leg pain']"
895,Chondromalacia of the patella,"['joint pain', 'leg pain', 'knee swelling','knee pain', 'problems with movement']"
897,Chondromalacia of the patella,"['knee pain', 'leg pain', 'problems with movement', 'knee stiffness or tightness','knee swelling', 'knee weakness']"
898,Cystitis,"['suprapubic pain', 'lower abdominal pain', 'painful urination', 'involuntary urination','symptoms of bladder', 'back pain']"
899,Cystitis,"['involuntary urination', 'suprapubic pain', 'back pain', 'blood in urine', 'frequent urination','painful urination', 'lower abdominal pain']"
900,Cystitis,"['suprapubic pain', 'involuntary urination', 'blood in urine', 'frequent urination','lower abdominal pain', 'painful urination']"
901,Cystitis,"['pelvic pain', 'painful urination', 'blood in urine', 'involuntary urination', 'lower abdominal pain', 'frequent urination','sharp abdominal pain', 'suprapubic pain']"
902,Cystitis,"['blood in urine', 'retention of urine', 'back pain', 'side pain', 'painful urination', 'sharp abdominal pain','suprapubic pain', 'frequent urination']"
903,Cystitis,"['painful urination', 'blood in urine', 'involuntary urination', 'sharp abdominal pain', 'retention of urine', 'side pain','frequent urination', 'pelvic pain']"
904,Cystitis,"['lower abdominal pain', 'painful urination', 'suprapubic pain', 'retention of urine', 'involuntary urination', 'symptoms of bladder','frequent urination', 'back pain']"
905,Cystitis,"['painful urination', 'retention of urine', 'sharp abdominal pain', 'symptoms of bladder', 'suprapubic pain','involuntary urination', 'lower abdominal pain']"
906,Cystitis,"['symptoms of bladder', 'involuntary urination', 'lower abdominal pain', 'retention of urine','frequent urination', 'painful urination']"
907,Cystitis,"['pelvic pain', 'sharp abdominal pain', 'retention of urine', 'blood in urine', 'frequent urination','painful urination', 'suprapubic pain']"
908,Cystitis,"['painful urination', 'blood in urine', 'involuntary urination', 'suprapubic pain', 'back pain', 'sharp abdominal pain','side pain', 'frequent urination']"
909,Epididymitis,"['swelling of scrotum', 'retention of urine', 'pain in testicles', 'swollen abdomen','mass in scrotum', 'side pain']"
911,Epididymitis,"['swollen abdomen', 'pain in testicles', 'side pain', 'sharp abdominal pain', 'groin pain','swelling of scrotum', 'retention of urine']"
912,Epididymitis,"['sharp abdominal pain', 'swollen abdomen', 'groin pain', 'swelling of scrotum','retention of urine', 'pain in testicles']"
913,Epididymitis,"['lower body pain', 'pain in testicles', 'groin pain', 'swollen abdomen', 'blood in urine', 'sharp abdominal pain','side pain', 'swelling of scrotum']"
915,Epididymitis,"['groin pain', 'blood in urine', 'side pain', 'painful urination', 'pain in testicles', 'sharp abdominal pain','lower abdominal pain', 'swelling of scrotum']"
916,Epididymitis,"['pain in testicles', 'groin pain', 'lower body pain', 'sharp abdominal pain', 'blood in urine', 'lower abdominal pain','swelling of scrotum', 'retention of urine']"
917,Epididymitis,"['retention of urine', 'pain in testicles', 'groin pain', 'painful urination', 'swollen abdomen', 'mass in scrotum','swelling of scrotum', 'lower abdominal pain']"
918,Epididymitis,"['pain in testicles', 'lower abdominal pain', 'side pain', 'mass in scrotum', 'swelling of scrotum','swollen abdomen', 'blood in urine']"
919,Epididymitis,"['mass in scrotum', 'swollen abdomen', 'retention of urine', 'painful urination','swelling of scrotum', 'pain in testicles']"
920,Epididymitis,"['lower body pain', 'groin pain', 'painful urination', 'lower abdominal pain', 'sharp abdominal pain','pain in testicles', 'swelling of scrotum']"
921,Epididymitis,"['pain in testicles', 'groin pain', 'swollen abdomen', 'swelling of scrotum', 'side pain', 'lower abdominal pain','sharp abdominal pain', 'painful urination']"
922,Acute kidney injury,"['shortness of breath', 'symptoms of the kidneys', 'weakness', 'blood in urine','retention of urine', 'sharp abdominal pain']"
923,Acute kidney injury,"['retention of urine', 'weakness', 'sharp abdominal pain', 'nausea', 'vomiting','shortness of breath', 'symptoms of the kidneys']"
924,Acute kidney injury,"['dizziness', 'blood in urine', 'nausea', 'vomiting','symptoms of the kidneys', 'shortness of breath']"
925,Acute kidney injury,"['blood in urine', 'shortness of breath', 'nausea', 'retention of urine', 'symptoms of the kidneys', 'dizziness','sharp abdominal pain', 'vomiting']"
926,Acute kidney injury,"['sharp abdominal pain', 'vomiting', 'sharp chest pain', 'kidney mass', 'shortness of breath', 'nausea','weakness', 'dizziness']"
927,Acute kidney injury,"['shortness of breath', 'nausea', 'blood in urine', 'sharp abdominal pain', 'sharp chest pain', 'kidney mass','vomiting', 'peripheral edema']"
928,Acute kidney injury,"['peripheral edema', 'shortness of breath', 'weakness', 'kidney mass', 'blood in urine', 'retention of urine','dizziness', 'sharp abdominal pain']"
929,Acute kidney injury,"['shortness of breath', 'sharp chest pain', 'nausea', 'retention of urine', 'weakness','blood in urine', 'symptoms of the kidneys']"
930,Acute kidney injury,"['retention of urine', 'blood in urine', 'peripheral edema', 'kidney mass','dizziness', 'shortness of breath']"
931,Acute kidney injury,"['peripheral edema', 'nausea', 'sharp chest pain', 'sharp abdominal pain', 'dizziness','shortness of breath', 'weakness']"
932,Acute kidney injury,"['weakness', 'nausea', 'blood in urine', 'shortness of breath', 'sharp abdominal pain', 'dizziness','kidney mass', 'sharp chest pain']"
935,Endometriosis,"['sharp abdominal pain', 'hot flashes', 'pelvic pain', 'vaginal pain','chills', 'heavy menstrual flow']"
936,Endometriosis,"['chills', 'sharp abdominal pain', 'burning abdominal pain', 'painful menstruation', 'lower abdominal pain','pelvic pain', 'hot flashes']"
937,Endometriosis,"['painful menstruation', 'vaginal pain', 'lower abdominal pain', 'sharp abdominal pain','hot flashes', 'pelvic pain']"
938,Endometriosis,"['absence of menstruation', 'pelvic pain', 'lower abdominal pain', 'vaginal pain', 'hot flashes', 'painful menstruation','heavy menstrual flow', 'sharp abdominal pain']"
939,Endometriosis,"['heavy menstrual flow', 'intermenstrual bleeding', 'lower abdominal pain', 'infertility', 'pelvic pain', 'painful menstruation','burning abdominal pain', 'sharp abdominal pain']"
940,Endometriosis,"['pelvic pain', 'lower abdominal pain', 'absence of menstruation', 'painful menstruation', 'intermenstrual bleeding', 'infertility','sharp abdominal pain', 'vaginal pain']"
941,Endometriosis,"['absence of menstruation', 'pelvic pain', 'lower abdominal pain', 'infertility', 'vaginal pain', 'chills','sharp abdominal pain', 'burning abdominal pain']"
943,Endometriosis,"['pelvic pain', 'burning abdominal pain', 'heavy menstrual flow', 'chills', 'sharp abdominal pain','vaginal pain', 'hot flashes']"
944,Endometriosis,"['chills', 'vaginal pain', 'absence of menstruation', 'infertility','sharp abdominal pain', 'pelvic pain']"
945,Endometriosis,"['absence of menstruation', 'lower abdominal pain', 'heavy menstrual flow', 'burning abdominal pain', 'painful menstruation','pelvic pain', 'sharp abdominal pain']"
946,Endometriosis,"['pelvic pain', 'painful menstruation', 'chills', 'sharp abdominal pain', 'heavy menstrual flow', 'burning abdominal pain','intermenstrual bleeding', 'lower abdominal pain']"
947,Erectile dysfunction,"['retention of urine', 'involuntary urination', 'impotence', 'penis pain','pain during intercourse', 'blood in urine']"
948,Erectile dysfunction,"['penis pain', 'impotence', 'pain in testicles', 'frequent urination', 'symptoms of prostate','retention of urine', 'involuntary urination']"
949,Erectile dysfunction,"['retention of urine', 'penis pain', 'symptoms of prostate', 'frequent urination','involuntary urination', 'impotence']"
950,Erectile dysfunction,"['premature ejaculation', 'impotence', 'symptoms of prostate', 'penis pain', 'excessive urination at night', 'frequent urination','blood in urine', 'retention of urine']"
952,Erectile dysfunction,"['frequent urination', 'excessive urination at night', 'blood in urine', 'pain in testicles', 'impotence', 'symptoms of prostate','loss of sex drive', 'retention of urine']"
953,Erectile dysfunction,"['retention of urine', 'symptoms of prostate', 'premature ejaculation', 'frequent urination', 'excessive urination at night', 'pain in testicles','impotence', 'penis pain']"
954,Erectile dysfunction,"['involuntary urination', 'impotence', 'symptoms of prostate', 'loss of sex drive', 'penis pain', 'pain during intercourse','retention of urine', 'pain in testicles']"
955,Erectile dysfunction,"['impotence', 'loss of sex drive', 'blood in urine', 'pain during intercourse', 'retention of urine','penis pain', 'involuntary urination']"
957,Erectile dysfunction,"['pain during intercourse', 'penis pain', 'involuntary urination', 'loss of sex drive','retention of urine', 'impotence']"
958,Erectile dysfunction,"['premature ejaculation', 'symptoms of prostate', 'blood in urine', 'pain in testicles', 'frequent urination','impotence', 'retention of urine']"
961,Erectile dysfunction,"['impotence', 'frequent urination', 'penis pain', 'retention of urine', 'blood in urine', 'pain in testicles','excessive urination at night', 'symptoms of prostate']"
963,Endometrial cancer,"['intermenstrual bleeding', 'unpredictable menstruation', 'vaginal bleeding after menopause', 'mass on vulva','absence of menstruation', 'vaginal discharge']"
964,Endometrial cancer,"['absence of menstruation', 'vaginal bleeding after menopause', 'vaginal discharge', 'hot flashes', 'pelvic pain','intermenstrual bleeding', 'unpredictable menstruation']"
965,Endometrial cancer,"['long menstrual periods', 'mass on vulva', 'intermenstrual bleeding', 'hot flashes','unpredictable menstruation', 'vaginal bleeding after menopause']"
966,Endometrial cancer,"['infrequent menstruation', 'vaginal bleeding after menopause', 'pelvic pain', 'mass on vulva', 'unpredictable menstruation', 'hot flashes','long menstrual periods', 'intermenstrual bleeding']"
968,Endometrial cancer,"['hot flashes', 'cramps and spasms', 'long menstrual periods', 'vaginal discharge', 'vaginal bleeding after menopause', 'pelvic pain','vaginal itching', 'intermenstrual bleeding']"
969,Endometrial cancer,"['pelvic pain', 'intermenstrual bleeding', 'infrequent menstruation', 'hot flashes', 'cramps and spasms', 'vaginal discharge','vaginal bleeding after menopause', 'mass on vulva']"
970,Endometrial cancer,"['unpredictable menstruation', 'vaginal bleeding after menopause', 'pelvic pain', 'cramps and spasms', 'mass on vulva', 'absence of menstruation','intermenstrual bleeding', 'vaginal discharge']"
971,Endometrial cancer,"['vaginal bleeding after menopause', 'vaginal itching', 'long menstrual periods', 'absence of menstruation', 'intermenstrual bleeding','mass on vulva', 'unpredictable menstruation']"
972,Endometrial cancer,"['absence of menstruation', 'mass on vulva', 'unpredictable menstruation', 'cramps and spasms','intermenstrual bleeding', 'vaginal bleeding after menopause']"
973,Endometrial cancer,"['infrequent menstruation', 'pelvic pain', 'hot flashes', 'vaginal discharge', 'long menstrual periods','vaginal bleeding after menopause', 'intermenstrual bleeding']"
974,Endometrial cancer,"['vaginal bleeding after menopause', 'hot flashes', 'mass on vulva', 'intermenstrual bleeding', 'vaginal discharge', 'long menstrual periods','cramps and spasms', 'vaginal itching']"
975,Endometrial hyperplasia,"['heavy menstrual flow', 'pelvic pain', 'vaginal bleeding after menopause', 'muscle swelling','back weakness', 'involuntary urination']"
976,Endometrial hyperplasia,"['muscle swelling', 'vaginal bleeding after menopause', 'vaginal discharge', 'unpredictable menstruation', 'involuntary urination','heavy menstrual flow', 'pelvic pain']"
977,Endometrial hyperplasia,"['involuntary urination', 'pelvic pain', 'heavy menstrual flow', 'unpredictable menstruation','vaginal discharge', 'vaginal bleeding after menopause']"
978,Endometrial hyperplasia,"['elbow cramps or spasms', 'vaginal bleeding after menopause', 'heavy menstrual flow', 'pelvic pain', 'vaginal discharge', 'unpredictable menstruation','involuntary urination', 'muscle swelling']"
979,Endometrial hyperplasia,"['involuntary urination', 'pus in sputum', 'vaginal bleeding after menopause', 'vaginal discharge', 'pelvic pain', 'unpredictable menstruation','muscle swelling', 'heavy menstrual flow']"
981,Endometrial hyperplasia,"['involuntary urination', 'heavy menstrual flow', 'pelvic pain', 'unpredictable menstruation', 'back weakness', 'vaginal discharge','vaginal bleeding after menopause', 'elbow cramps or spasms']"
982,Endometrial hyperplasia,"['pelvic pain', 'vaginal bleeding after menopause', 'unpredictable menstruation', 'vaginal discharge', 'low back weakness', 'back weakness','heavy menstrual flow', 'involuntary urination']"
983,Endometrial hyperplasia,"['vaginal bleeding after menopause', 'involuntary urination', 'unpredictable menstruation', 'abnormal size or shape of ear', 'heavy menstrual flow','low back weakness', 'pelvic pain']"
984,Endometrial hyperplasia,"['back weakness', 'low back weakness', 'pelvic pain', 'vaginal discharge','heavy menstrual flow', 'vaginal bleeding after menopause']"
985,Endometrial hyperplasia,"['pelvic pain', 'unpredictable menstruation', 'muscle swelling', 'vaginal discharge', 'involuntary urination','vaginal bleeding after menopause', 'heavy menstrual flow']"
988,Endometrial hyperplasia,"['vaginal bleeding after menopause', 'unpredictable menstruation', 'abnormal size or shape of ear', 'heavy menstrual flow', 'involuntary urination', 'vaginal discharge','muscle swelling', 'pelvic pain']"
989,Fibrocystic breast disease,"['bleeding or discharge from nipple', 'lump or mass of breast', 'skin irritation','frequent menstruation', 'pain or soreness of breast']"
991,Fibrocystic breast disease,"['leg cramps or spasms', 'pain or soreness of breast', 'skin irritation', 'bleeding or discharge from nipple','lump or mass of breast', 'frequent menstruation']"
992,Fibrocystic breast disease,"['leg cramps or spasms', 'pain or soreness of breast', 'absence of menstruation','lump or mass of breast', 'bleeding or discharge from nipple']"
993,Fibrocystic breast disease,"['absence of menstruation', 'pain or soreness of breast', 'lump or mass of breast', 'intermenstrual bleeding','bleeding or discharge from nipple', 'long menstrual periods']"
994,Fibrocystic breast disease,"['absence of menstruation', 'pain or soreness of breast', 'lump or mass of breast', 'frequent menstruation','bleeding or discharge from nipple', 'intermenstrual bleeding']"
995,Fibrocystic breast disease,"['skin irritation', 'lump or mass of breast', 'absence of menstruation', 'pain or soreness of breast','bleeding or discharge from nipple', 'intermenstrual bleeding']"
996,Fibrocystic breast disease,"['skin irritation', 'lump or mass of breast', 'bleeding or discharge from nipple', 'pain or soreness of breast','long menstrual periods', 'intermenstrual bleeding']"
997,Fibrocystic breast disease,"['pain or soreness of breast', 'bleeding or discharge from nipple', 'long menstrual periods','leg cramps or spasms', 'lump or mass of breast']"
998,Fibrocystic breast disease,"['frequent menstruation', 'bleeding or discharge from nipple', 'leg cramps or spasms','pain or soreness of breast', 'lump or mass of breast']"
999,Fibrocystic breast disease,"['bleeding or discharge from nipple', 'long menstrual periods', 'absence of menstruation','lump or mass of breast', 'pain or soreness of breast']"
1000,Fibrocystic breast disease,"['lump or mass of breast', 'bleeding or discharge from nipple', 'leg cramps or spasms', 'pain or soreness of breast','long menstrual periods', 'intermenstrual bleeding']"
1001,Female infertility of unknown cause,"['unpredictable menstruation', 'infertility', 'pain during intercourse','irregular belly button', 'long menstrual periods']"
1002,Female infertility of unknown cause,"['unwanted hair', 'infertility', 'pain during intercourse', 'long menstrual periods','unpredictable menstruation', 'irregular belly button']"
1003,Female infertility of unknown cause,"['unwanted hair', 'long menstrual periods', 'absence of menstruation','infertility', 'unpredictable menstruation']"
1004,Female infertility of unknown cause,"['pain during intercourse', 'scanty menstrual flow', 'unpredictable menstruation', 'infertility', 'long menstrual periods','irregular belly button', 'absence of menstruation']"
1007,Female infertility of unknown cause,"['long menstrual periods', 'unwanted hair', 'absence of menstruation', 'unpredictable menstruation', 'loss of sex drive','infertility', 'bleeding or discharge from nipple']"
1008,Female infertility of unknown cause,"['pain during intercourse', 'long menstrual periods', 'scanty menstrual flow', 'infertility', 'loss of sex drive','unpredictable menstruation', 'unwanted hair']"
1009,Female infertility of unknown cause,"['pain during intercourse', 'unpredictable menstruation', 'long menstrual periods', 'infertility','scanty menstrual flow', 'bleeding or discharge from nipple']"
1010,Female infertility of unknown cause,"['infertility', 'unpredictable menstruation', 'unwanted hair','scanty menstrual flow', 'long menstrual periods']"
1011,Female infertility of unknown cause,"['irregular belly button', 'scanty menstrual flow', 'absence of menstruation','unpredictable menstruation', 'infertility']"
1012,Female infertility of unknown cause,"['unwanted hair', 'infertility', 'bleeding or discharge from nipple', 'loss of sex drive','long menstrual periods', 'unpredictable menstruation']"
Female infertility of unknown cause,Female infertility of unknown cause,"['unpredictable menstruation', 'scanty menstrual flow', 'bleeding or discharge from nipple', 'unwanted hair', 'infertility','pain during intercourse', 'long menstrual periods']"
Chronic kidney disease,Chronic kidney disease,"['shortness of breath', 'symptoms of the kidneys','fatigue']"
Chronic kidney disease,Chronic kidney disease,"['feeling cold', 'fatigue', 'shortness of breath','peripheral edema']"
Chronic kidney disease,Chronic kidney disease,"['shortness of breath', 'fatigue','symptoms of the kidneys']"
Chronic kidney disease,Chronic kidney disease,"['fatigue', 'shortness of breath', 'symptoms of the kidneys','unusual color or odor to urine']"
Chronic kidney disease,Chronic kidney disease,"['fatigue', 'peripheral edema', 'feeling cold','symptoms of the kidneys']"
Chronic kidney disease,Chronic kidney disease,"['fatigue', 'shortness of breath', 'peripheral edema','symptoms of the kidneys']"
Chronic kidney disease,Chronic kidney disease,"['shortness of breath', 'peripheral edema', 'feeling cold','fatigue']"
Chronic kidney disease,Chronic kidney disease,"['shortness of breath', 'symptoms of the kidneys','fatigue']"
Chronic kidney disease,Chronic kidney disease,"['peripheral edema', 'shortness of breath','feeling cold']"
Chronic kidney disease,Chronic kidney disease,"['symptoms of the kidneys', 'fatigue','feeling cold']"
Chronic kidney disease,Chronic kidney disease,"['shortness of breath', 'symptoms of the kidneys', 'fatigue','unusual color or odor to urine']"
Air embolism,Air embolism,"['facial pain', 'knee lump or mass', 'shoulder cramps or spasms', 'fatigue','excessive urination at night', 'joint stiffness or tightness']"
Air embolism,Air embolism,"['excessive urination at night', 'facial pain', 'excessive anger', 'wrist pain', 'pain in eye','shoulder cramps or spasms', 'knee lump or mass']"
Air embolism,Air embolism,"['facial pain', 'excessive urination at night', 'pain during pregnancy', 'ankle pain','knee lump or mass', 'pain in eye']"
Air embolism,Air embolism,"['fatigue', 'pain in eye', 'pain during pregnancy', 'excessive urination at night', 'knee lump or mass', 'wrist pain','excessive anger', 'facial pain']"
Air embolism,Air embolism,"['pain during pregnancy', 'shoulder cramps or spasms', 'joint stiffness or tightness', 'knee lump or mass', 'pain in eye', 'excessive anger','facial pain', 'wrist pain']"
Air embolism,Air embolism,"['pain in eye', 'pain during pregnancy', 'excessive urination at night', 'excessive anger', 'joint stiffness or tightness', 'knee lump or mass','ankle pain', 'fatigue']"
Air embolism,Air embolism,"['fatigue', 'pain in eye', 'facial pain', 'pain or soreness of breast', 'knee lump or mass', 'excessive urination at night','wrist pain', 'pain during pregnancy']"
Air embolism,Air embolism,"['pain in eye', 'pain or soreness of breast', 'pain during pregnancy', 'excessive urination at night', 'facial pain','knee lump or mass', 'fatigue']"
Air embolism,Air embolism,"['excessive urination at night', 'knee lump or mass', 'fatigue', 'pain or soreness of breast','wrist pain', 'pain in eye']"
Air embolism,Air embolism,"['fatigue', 'excessive anger', 'pain during pregnancy', 'wrist pain', 'ankle pain','shoulder cramps or spasms', 'pain in eye']"
Air embolism,Air embolism,"['shoulder cramps or spasms', 'pain during pregnancy', 'excessive urination at night', 'pain in eye', 'joint stiffness or tightness', 'wrist pain','ankle pain', 'excessive anger']"
Fat embolism,Fat embolism,"['facial pain', 'knee lump or mass', 'shoulder cramps or spasms', 'fatigue','excessive urination at night', 'joint stiffness or tightness']"
Fat embolism,Fat embolism,"['excessive urination at night', 'facial pain', 'excessive anger', 'wrist pain', 'pain in eye','shoulder cramps or spasms', 'knee lump or mass']"
Fat embolism,Fat embolism,"['facial pain', 'excessive urination at night', 'pain during pregnancy', 'ankle pain','knee lump or mass', 'pain in eye']"
Fat embolism,Fat embolism,"['fatigue', 'pain in eye', 'pain during pregnancy', 'excessive urination at night', 'knee lump or mass', 'wrist pain','excessive anger', 'facial pain']"
Fat embolism,Fat embolism,"['pain during pregnancy', 'shoulder cramps or spasms', 'joint stiffness or tightness', 'knee lump or mass', 'pain in eye', 'excessive anger','facial pain', 'wrist pain']"
Fat embolism,Fat embolism,"['pain in eye', 'pain during pregnancy', 'excessive urination at night', 'excessive anger', 'joint stiffness or tightness', 'knee lump or mass','ankle pain', 'fatigue']"
Fat embolism,Fat embolism,"['fatigue', 'pain in eye', 'facial pain', 'pain or soreness of breast', 'knee lump or mass', 'excessive urination at night','wrist pain', 'pain during pregnancy']"
Fat embolism,Fat embolism,"['pain in eye', 'pain or soreness of breast', 'pain during pregnancy', 'excessive urination at night', 'facial pain','knee lump or mass', 'fatigue']"
Fat embolism,Fat embolism,"['excessive urination at night', 'knee lump or mass', 'fatigue', 'pain or soreness of breast','wrist pain', 'pain in eye']"
Fat embolism,Fat embolism,"['fatigue', 'excessive anger', 'pain during pregnancy', 'wrist pain', 'ankle pain','shoulder cramps or spasms', 'pain in eye']"
Fat embolism,Fat embolism,"['shoulder cramps or spasms', 'pain during pregnancy', 'excessive urination at night', 'pain in eye', 'joint stiffness or tightness', 'wrist pain','ankle pain', 'excessive anger']"
Drug reaction,Drug reaction,"['allergic reaction', 'headache', 'skin rash', 'abnormal appearing skin','throat swelling', 'nausea']"
Drug reaction,Drug reaction,"['throat swelling', 'allergic reaction', 'lip swelling', 'peripheral edema', 'itching of skin','skin rash', 'vomiting']"
Drug reaction,Drug reaction,"['dizziness', 'abnormal appearing skin', 'peripheral edema', 'itching of skin','headache', 'skin rash']"
Drug reaction,Drug reaction,"['abnormal appearing skin', 'skin rash', 'peripheral edema', 'throat swelling', 'vomiting', 'dizziness','lip swelling', 'itching of skin']"
Drug reaction,Drug reaction,"['lip swelling', 'itching of skin', 'nausea', 'shortness of breath', 'skin rash', 'peripheral edema','allergic reaction', 'dizziness']"
Drug reaction,Drug reaction,"['skin rash', 'peripheral edema', 'abnormal appearing skin', 'lip swelling', 'nausea', 'shortness of breath','itching of skin', 'vomiting']"
Drug reaction,Drug reaction,"['vomiting', 'skin rash', 'allergic reaction', 'shortness of breath', 'abnormal appearing skin', 'throat swelling','dizziness', 'lip swelling']"
Drug reaction,Drug reaction,"['skin rash', 'shortness of breath', 'lip swelling', 'throat swelling', 'allergic reaction','abnormal appearing skin', 'vomiting']"
Drug reaction,Drug reaction,"['throat swelling', 'abnormal appearing skin', 'vomiting', 'shortness of breath','dizziness', 'skin rash']"
Drug reaction,Drug reaction,"['vomiting', 'peripheral edema', 'nausea', 'lip swelling', 'dizziness','skin rash', 'allergic reaction']"
Drug reaction,Drug reaction,"['skin rash', 'peripheral edema', 'abnormal appearing skin', 'allergic reaction', 'nausea', 'dizziness','shortness of breath', 'lip swelling']"
Carbon monoxide poisoning,Carbon monoxide poisoning,"['nausea', 'frontal headache', 'headache', 'fainting','low back weakness', 'diarrhea']"
Carbon monoxide poisoning,Carbon monoxide poisoning,"['fainting', 'nausea', 'diarrhea', 'vomiting', 'dizziness','headache', 'frontal headache']"
Carbon monoxide poisoning,Carbon monoxide poisoning,"['vomiting', 'fainting', 'dizziness', 'nausea','frontal headache', 'headache']"
Carbon monoxide poisoning,Carbon monoxide poisoning,"['frontal headache', 'headache', 'dizziness', 'fainting', 'sleepiness', 'nausea','vomiting', 'diarrhea']"
Carbon monoxide poisoning,Carbon monoxide poisoning,"['nausea', 'frontal headache', 'depressive or psychotic symptoms', 'sleepiness', 'headache', 'vomiting','diarrhea', 'dizziness']"
Carbon monoxide poisoning,Carbon monoxide poisoning,"['headache', 'dizziness', 'fainting', 'vomiting', 'sleepiness', 'depressive or psychotic symptoms','nausea', 'frontal headache']"
Carbon monoxide poisoning,Carbon monoxide poisoning,"['frontal headache', 'headache', 'nausea', 'depressive or psychotic symptoms', 'elbow cramps or spasms', 'low back weakness','dizziness', 'sleepiness']"
Carbon monoxide poisoning,Carbon monoxide poisoning,"['headache', 'depressive or psychotic symptoms', 'diarrhea', 'low back weakness', 'nausea','elbow cramps or spasms', 'frontal headache']"
Carbon monoxide poisoning,Carbon monoxide poisoning,"['low back weakness', 'elbow cramps or spasms', 'frontal headache', 'depressive or psychotic symptoms','dizziness', 'headache']"
Carbon monoxide poisoning,Carbon monoxide poisoning,"['fainting', 'vomiting', 'diarrhea', 'depressive or psychotic symptoms', 'dizziness','headache', 'nausea']"
Carbon monoxide poisoning,Carbon monoxide poisoning,"['headache', 'vomiting', 'fainting', 'nausea', 'diarrhea', 'dizziness','depressive or psychotic symptoms', 'sleepiness']"
Fracture of the pelvis,Fracture of the pelvis,"['groin pain', 'delusions or hallucinations', 'hip pain', 'bones are painful','focal weakness', 'side pain']"
Fracture of the pelvis,Fracture of the pelvis,"['focal weakness', 'groin pain', 'side pain', 'leg pain', 'back pain','hip pain', 'delusions or hallucinations']"
Fracture of the pelvis,Fracture of the pelvis,"['groin pain', 'bones are painful', 'back pain', 'leg pain','delusions or hallucinations', 'hip pain']"
Fracture of the pelvis,Fracture of the pelvis,"['difficulty speaking', 'hip pain', 'leg pain', 'bones are painful', 'delusions or hallucinations', 'back pain','ache all over', 'groin pain']"
Fracture of the pelvis,Fracture of the pelvis,"['ache all over', 'knee pain', 'side pain', 'problems with movement', 'hip pain', 'leg pain','groin pain', 'back pain']"
Fracture of the pelvis,Fracture of the pelvis,"['hip pain', 'leg pain', 'bones are painful', 'ache all over', 'knee pain', 'problems with movement','groin pain', 'delusions or hallucinations']"
Fracture of the pelvis,Fracture of the pelvis,"['delusions or hallucinations', 'hip pain', 'groin pain', 'problems with movement', 'bones are painful', 'focal weakness','back pain', 'side pain']"
Fracture of the pelvis,Fracture of the pelvis,"['hip pain', 'problems with movement', 'ache all over', 'focal weakness', 'groin pain','bones are painful', 'delusions or hallucinations']"
Fracture of the pelvis,Fracture of the pelvis,"['focal weakness', 'bones are painful', 'delusions or hallucinations', 'problems with movement','back pain', 'hip pain']"
Fracture of the pelvis,Fracture of the pelvis,"['difficulty speaking', 'leg pain', 'ache all over', 'side pain', 'back pain','hip pain', 'groin pain']"
Fracture of the pelvis,Fracture of the pelvis,"['hip pain', 'leg pain', 'bones are painful', 'groin pain', 'side pain', 'ache all over','knee pain', 'back pain']"
Fracture of the rib,Fracture of the rib,"['sharp chest pain', 'hurts to breath', 'rib pain', 'hip pain','bones are painful', 'shoulder pain']"
Fracture of the rib,Fracture of the rib,"['hip pain', 'sharp chest pain', 'shoulder pain', 'side pain', 'back pain','rib pain', 'shortness of breath']"
Fracture of the rib,Fracture of the rib,"['shoulder pain', 'hip pain', 'back pain', 'sharp chest pain','shortness of breath', 'rib pain']"
Fracture of the rib,Fracture of the rib,"['hurts to breath', 'rib pain', 'side pain', 'hip pain', 'shortness of breath', 'back pain','shoulder pain', 'sharp chest pain']"
Fracture of the rib,Fracture of the rib,"['shoulder pain', 'shortness of breath', 'sharp chest pain', 'arm pain', 'rib pain', 'side pain','ache all over', 'back pain']"
Fracture of the rib,Fracture of the rib,"['rib pain', 'back pain', 'hurts to breath', 'shoulder pain', 'ache all over', 'arm pain','sharp chest pain', 'shortness of breath']"
Fracture of the rib,Fracture of the rib,"['hurts to breath', 'rib pain', 'sharp chest pain', 'arm pain', 'back mass or lump', 'bones are painful','back pain', 'ache all over']"
Fracture of the rib,Fracture of the rib,"['rib pain', 'ache all over', 'shoulder pain', 'bones are painful', 'sharp chest pain','back mass or lump', 'shortness of breath']"
Fracture of the rib,Fracture of the rib,"['bones are painful', 'back mass or lump', 'hurts to breath', 'arm pain','back pain', 'rib pain']"
Fracture of the rib,Fracture of the rib,"['hurts to breath', 'side pain', 'shoulder pain', 'ache all over', 'back pain','rib pain', 'sharp chest pain']"
Fracture of the rib,Fracture of the rib,"['rib pain', 'side pain', 'hip pain', 'sharp chest pain', 'shoulder pain', 'back pain','shortness of breath', 'arm pain']"
Allergy,Allergy,"['allergic reaction', 'skin swelling', 'skin rash', 'fluid retention','swollen tongue', 'abnormal appearing skin']"
Allergy,Allergy,"['fluid retention', 'allergic reaction', 'abnormal appearing skin', 'peripheral edema', 'itching of skin','skin rash', 'lip swelling']"
Allergy,Allergy,"['abnormal appearing skin', 'fluid retention', 'itching of skin', 'allergic reaction','skin swelling', 'skin rash']"
Allergy,Allergy,"['itchiness of eye', 'skin rash', 'itching of skin', 'fluid retention', 'lip swelling', 'peripheral edema','abnormal appearing skin', 'allergic reaction']"
Allergy,Allergy,"['allergic reaction', 'lip swelling', 'cough', 'swollen eye', 'skin rash', 'peripheral edema','abnormal appearing skin', 'itching of skin']"
Allergy,Allergy,"['skin rash', 'itching of skin', 'itchiness of eye', 'peripheral edema', 'lip swelling', 'cough','allergic reaction', 'skin swelling']"
Allergy,Allergy,"['skin swelling', 'skin rash', 'allergic reaction', 'swollen eye', 'fluid retention', 'swollen tongue','itching of skin', 'cough']"
Allergy,Allergy,"['skin rash', 'cough', 'abnormal appearing skin', 'swollen tongue', 'allergic reaction','fluid retention', 'lip swelling']"
Allergy,Allergy,"['swollen tongue', 'fluid retention', 'skin swelling', 'swollen eye','itching of skin', 'skin rash']"
Allergy,Allergy,"['skin swelling', 'itching of skin', 'peripheral edema', 'cough', 'abnormal appearing skin','skin rash', 'allergic reaction']"
Allergy,Allergy,"['skin rash', 'itching of skin', 'fluid retention', 'allergic reaction', 'abnormal appearing skin', 'cough','lip swelling', 'swollen eye']"
Concussion,Concussion,"['dizziness', 'facial pain', 'headache', 'rib pain','difficulty speaking', 'disturbance of memory']"
Concussion,Concussion,"['rib pain', 'dizziness', 'disturbance of memory', 'vomiting', 'neck pain','headache', 'facial pain']"
Concussion,Concussion,"['dizziness', 'rib pain', 'neck pain', 'vomiting','facial pain', 'headache']"
Concussion,Concussion,"['sleepiness', 'headache', 'vomiting', 'rib pain', 'facial pain', 'neck pain','disturbance of memory', 'dizziness']"
Concussion,Concussion,"['dizziness', 'facial pain', 'disturbance of memory', 'back pain', 'headache', 'vomiting','nausea', 'neck pain']"
Concussion,Concussion,"['headache', 'neck pain', 'sleepiness', 'vomiting', 'back pain', 'nausea','dizziness', 'facial pain']"
Concussion,Concussion,"['facial pain', 'headache', 'dizziness', 'back pain', 'double vision', 'difficulty speaking','neck pain', 'nausea']"
Concussion,Concussion,"['headache', 'nausea', 'disturbance of memory', 'difficulty speaking', 'dizziness','double vision', 'back pain']"
Concussion,Concussion,"['difficulty speaking', 'double vision', 'facial pain', 'back pain','neck pain', 'headache']"
Concussion,Concussion,"['sleepiness', 'vomiting', 'disturbance of memory', 'nausea', 'neck pain','headache', 'dizziness']"
Concussion,Concussion,"['headache', 'vomiting', 'double vision', 'dizziness', 'disturbance of memory', 'neck pain','nausea', 'back pain']"
Epidural hemorrhage,Epidural hemorrhage,"['depressive or psychotic symptoms', 'diminished hearing', 'back pain', 'low back weakness','wrist weakness', 'dizziness']"
Epidural hemorrhage,Epidural hemorrhage,"['low back weakness', 'depressive or psychotic symptoms', 'leg pain', 'dizziness', 'side pain','back pain', 'diminished hearing']"
Epidural hemorrhage,Epidural hemorrhage,"['dizziness', 'elbow weakness', 'side pain', 'depressive or psychotic symptoms','diminished hearing', 'back pain']"
Epidural hemorrhage,Epidural hemorrhage,"['low back weakness', 'back pain', 'side pain', 'excessive growth', 'diminished hearing', 'depressive or psychotic symptoms','dizziness', 'leg pain']"
Epidural hemorrhage,Epidural hemorrhage,"['depressive or psychotic symptoms', 'elbow weakness', 'leg pain', 'diminished hearing', 'back pain', 'dizziness','excessive growth', 'side pain']"
Epidural hemorrhage,Epidural hemorrhage,"['back pain', 'side pain', 'elbow weakness', 'dizziness', 'wrist weakness', 'leg pain','depressive or psychotic symptoms', 'diminished hearing']"
Epidural hemorrhage,Epidural hemorrhage,"['diminished hearing', 'back pain', 'depressive or psychotic symptoms', 'leg pain', 'wrist weakness', 'emotional symptoms','side pain', 'dizziness']"
Epidural hemorrhage,Epidural hemorrhage,"['back pain', 'dizziness', 'leg pain', 'wrist weakness', 'depressive or psychotic symptoms','emotional symptoms', 'diminished hearing']"
Epidural hemorrhage,Epidural hemorrhage,"['emotional symptoms', 'wrist weakness', 'diminished hearing', 'leg pain','side pain', 'back pain']"
Epidural hemorrhage,Epidural hemorrhage,"['elbow weakness', 'dizziness', 'diminished hearing', 'leg pain', 'side pain','back pain', 'depressive or psychotic symptoms']"
Epidural hemorrhage,Epidural hemorrhage,"['back pain', 'side pain', 'feeling hot and cold', 'depressive or psychotic symptoms', 'dizziness', 'leg pain','excessive growth', 'diminished hearing']"
Corneal abrasion,Corneal abrasion,"['eye redness', 'eye burns or stings', 'pain in eye', 'eyelid swelling','eyelid lesion or rash', 'diminished vision']"
Corneal abrasion,Corneal abrasion,"['eyelid swelling', 'pain in eye', 'lacrimation', 'swollen eye', 'symptoms of eye','eye redness', 'eye burns or stings']"
Corneal abrasion,Corneal abrasion,"['diminished vision', 'itchiness of eye', 'symptoms of eye', 'eye redness','eye burns or stings', 'pain in eye']"
Corneal abrasion,Corneal abrasion,"['eyelid swelling', 'pain in eye', 'symptoms of eye', 'itchiness of eye', 'foreign body sensation in eye', 'swollen eye','diminished vision', 'eye redness']"
Corneal abrasion,Corneal abrasion,"['symptoms of eye', 'eye burns or stings', 'diminished vision', 'lacrimation', 'pain in eye', 'swollen eye','foreign body sensation in eye', 'eye redness']"
Corneal abrasion,Corneal abrasion,"['pain in eye', 'symptoms of eye', 'itchiness of eye', 'swollen eye', 'foreign body sensation in eye', 'lacrimation','eye redness', 'eye burns or stings']"
Corneal abrasion,Corneal abrasion,"['eye burns or stings', 'pain in eye', 'symptoms of eye', 'foreign body sensation in eye', 'white discharge from eye', 'eyelid lesion or rash','eye redness', 'lacrimation']"
Corneal abrasion,Corneal abrasion,"['pain in eye', 'lacrimation', 'diminished vision', 'eyelid lesion or rash', 'eye redness','white discharge from eye', 'foreign body sensation in eye']"
Corneal abrasion,Corneal abrasion,"['eyelid lesion or rash', 'white discharge from eye', 'eye burns or stings', 'foreign body sensation in eye','eye redness', 'pain in eye']"
Corneal abrasion,Corneal abrasion,"['itchiness of eye', 'symptoms of eye', 'lacrimation', 'diminished vision', 'swollen eye','pain in eye', 'eye redness']"
Corneal abrasion,Corneal abrasion,"['pain in eye', 'swollen eye', 'eyelid swelling', 'eye redness', 'diminished vision', 'lacrimation','foreign body sensation in eye', 'symptoms of eye']"
